{
  "exact": {
    "commandsProp": 0.8555281587043846,
    "arg1Prop": 0.5701309376376061,
    "arg2Prop": 0.49366391184573,
    "commandsByIdx_Avg": [
      0.999339585259543,
      0.990754193633602,
      0.9441289129573373,
      0.7919872645263996,
      0.7635256180580438,
      0.7193234976610291,
      0.6668781725888325,
      0.546236559139785,
      0.6169617893755824,
      0.4638104511522233
    ],
    "commandsByIdx_ElementwiseAvg": 0.8213711732193956,
    "commandsByIdx_Same": [
      7566.0,
      7501.0,
      7148.0,
      5970.0,
      4262.0,
      3998.0,
      2102.0,
      1270.0,
      662.0,
      1429.0
    ],
    "commandsByIdx_Total": [
      7571.0,
      7571.0,
      7571.0,
      7538.0,
      5582.0,
      5558.0,
      3152.0,
      2325.0,
      1073.0,
      3081.0
    ],
    "arg1ByIdx_Avg": [
      0.2901862369568089,
      0.7320036983225465,
      0.6542068418967112,
      0.7540461660918015,
      0.40558939448226444,
      0.5674703130622526,
      0.40006345177664976,
      0.5582795698924731,
      0.42311276794035413,
      0.47517039922103216
    ],
    "arg1ByIdx_ElementwiseAvg": 0.5540943122574575,
    "arg1ByIdx_Same": [
      2197.0,
      5542.0,
      4953.0,
      5684.0,
      2264.0,
      3154.0,
      1261.0,
      1298.0,
      454.0,
      1464.0
    ],
    "arg1ByIdx_Total": [
      7571.0,
      7571.0,
      7571.0,
      7538.0,
      5582.0,
      5558.0,
      3152.0,
      2325.0,
      1073.0,
      3081.0
    ],
    "arg2ByIdx_Avg": [
      0.0,
      0.0,
      0.0,
      0.5002689618074233,
      0.01584507042253521,
      0.42445845900740337,
      0.3945720250521921,
      0.3901345291479821,
      0.05319148936170213,
      0.2649690295939436
    ],
    "arg2ByIdx_ElementwiseAvg": 0.3969137364027321,
    "arg2ByIdx_Same": [
      0.0,
      0.0,
      0.0,
      1860.0,
      9.0,
      1548.0,
      378.0,
      522.0,
      5.0,
      385.0
    ],
    "arg2ByIdx_Total": [
      0.0,
      0.0,
      83.0,
      3718.0,
      568.0,
      3647.0,
      958.0,
      1338.0,
      94.0,
      1453.0
    ],
    "perfectTriples_Avg": [
      0.2901862369568089,
      0.7320036983225465,
      0.6308281600845331,
      0.5647386574688246,
      0.39681117878896455,
      0.4121986326016553,
      0.3245558375634518,
      0.39698924731182794,
      0.3886300093196645,
      0.3469652710159039
    ],
    "perfectTriples_ElementwiseAvg": 0.48430088981223784,
    "perfectTriples_Same": [
      2197.0,
      5542.0,
      4776.0,
      4257.0,
      2215.0,
      2291.0,
      1023.0,
      923.0,
      417.0,
      1069.0
    ],
    "perfectTriples_Total": [
      7571.0,
      7571.0,
      7571.0,
      7538.0,
      5582.0,
      5558.0,
      3152.0,
      2325.0,
      1073.0,
      3081.0
    ],
    "perfectTriplesByCommand_Avg": [
      0.5920155793573515,
      0.5550122249388753,
      0.3904622871046229,
      0.42936265526369377,
      0.5748106060606061,
      0.6101048617731173,
      0.6007130124777184,
      0.6449640287769784,
      0.0,
      0.0
    ],
    "perfectTriplesByCommand_ElementwiseAvg": 0.48430088981223784,
    "perfectTriplesByCommand_Same": [
      608.0,
      454.0,
      4012.0,
      10543.0,
      607.0,
      640.0,
      674.0,
      7172.0,
      0.0,
      0.0
    ],
    "perfectTriplesByCommand_Total": [
      1027.0,
      818.0,
      10275.0,
      24555.0,
      1056.0,
      1049.0,
      1122.0,
      11120.0,
      0.0,
      0.0
    ],
    "perfectAfterSecond_Avg": [
      0.33324527803460574
    ],
    "perfectAfterSecond_ElementwiseAvg": 0.33324527803460574,
    "perfectAfterSecond_Same": [
      2523.0
    ],
    "perfectAfterSecond_Total": [
      7571.0
    ],
    "perfectTriplesByCommand_Dict": {
      "clean": 0.5920155793573515,
      "toggle": 0.5550122249388753,
      "put": 0.3904622871046229,
      "go to": 0.42936265526369377,
      "heat": 0.5748106060606061,
      "cool": 0.6101048617731173,
      "slice": 0.6007130124777184,
      "pick up": 0.6449640287769784,
      "unknown": 0.0
    },
    "perfectProp": 0.09826971338000264,
    "countTotal": 7571,
    "scoreMode": 9
  },
  "permissive": {
    "commandsProp": 0.8555281587043846,
    "arg1Prop": 0.6292586254799789,
    "arg2Prop": 0.5230740850059031,
    "commandsByIdx_Avg": [
      0.999339585259543,
      0.990754193633602,
      0.9441289129573373,
      0.7919872645263996,
      0.7635256180580438,
      0.7193234976610291,
      0.6668781725888325,
      0.546236559139785,
      0.6169617893755824,
      0.4638104511522233
    ],
    "commandsByIdx_ElementwiseAvg": 0.8213711732193956,
    "commandsByIdx_Same": [
      7566.0,
      7501.0,
      7148.0,
      5970.0,
      4262.0,
      3998.0,
      2102.0,
      1270.0,
      662.0,
      1429.0
    ],
    "commandsByIdx_Total": [
      7571.0,
      7571.0,
      7571.0,
      7538.0,
      5582.0,
      5558.0,
      3152.0,
      2325.0,
      1073.0,
      3081.0
    ],
    "arg1ByIdx_Avg": [
      0.35530313036586975,
      0.831197992339189,
      0.70122837141725,
      0.819978774210666,
      0.43425295592977425,
      0.6376394386469953,
      0.41243654822335024,
      0.5754838709677419,
      0.424044734389562,
      0.4813372281726712
    ],
    "arg1ByIdx_ElementwiseAvg": 0.6079142330759281,
    "arg1ByIdx_Same": [
      2690.0,
      6293.0,
      5309.0,
      6181.0,
      2424.0,
      3544.0,
      1300.0,
      1338.0,
      455.0,
      1483.0
    ],
    "arg1ByIdx_Total": [
      7571.0,
      7571.0,
      7571.0,
      7538.0,
      5582.0,
      5558.0,
      3152.0,
      2325.0,
      1073.0,
      3081.0
    ],
    "arg2ByIdx_Avg": [
      0.0,
      0.0,
      0.0,
      0.5252824098977945,
      0.01936619718309859,
      0.44803948450781467,
      0.44676409185803756,
      0.40508221225710017,
      0.05319148936170213,
      0.27873365450791465
    ],
    "arg2ByIdx_ElementwiseAvg": 0.41976557888523486,
    "arg2ByIdx_Same": [
      0.0,
      0.0,
      0.0,
      1953.0,
      11.0,
      1634.0,
      428.0,
      542.0,
      5.0,
      405.0
    ],
    "arg2ByIdx_Total": [
      0.0,
      0.0,
      83.0,
      3718.0,
      568.0,
      3647.0,
      958.0,
      1338.0,
      94.0,
      1453.0
    ],
    "perfectTriples_Avg": [
      0.35530313036586975,
      0.831197992339189,
      0.6760005283317924,
      0.6257628018041921,
      0.4220709423145826,
      0.46059733717164447,
      0.3496192893401015,
      0.4124731182795699,
      0.3895619757688723,
      0.3592989289191821
    ],
    "perfectTriples_ElementwiseAvg": 0.5354552937948336,
    "perfectTriples_Same": [
      2690.0,
      6293.0,
      5118.0,
      4717.0,
      2356.0,
      2560.0,
      1102.0,
      959.0,
      418.0,
      1107.0
    ],
    "perfectTriples_Total": [
      7571.0,
      7571.0,
      7571.0,
      7538.0,
      5582.0,
      5558.0,
      3152.0,
      2325.0,
      1073.0,
      3081.0
    ],
    "perfectTriplesByCommand_Avg": [
      0.6085686465433301,
      0.8410757946210269,
      0.4363990267639903,
      0.4731826511912034,
      0.5748106060606061,
      0.6291706387035272,
      0.6007130124777184,
      0.7160971223021583,
      0.0,
      0.0
    ],
    "perfectTriplesByCommand_ElementwiseAvg": 0.5354552937948336,
    "perfectTriplesByCommand_Same": [
      625.0,
      688.0,
      4484.0,
      11619.0,
      607.0,
      660.0,
      674.0,
      7963.0,
      0.0,
      0.0
    ],
    "perfectTriplesByCommand_Total": [
      1027.0,
      818.0,
      10275.0,
      24555.0,
      1056.0,
      1049.0,
      1122.0,
      11120.0,
      0.0,
      0.0
    ],
    "perfectAfterSecond_Avg": [
      0.3999471668207634
    ],
    "perfectAfterSecond_ElementwiseAvg": 0.3999471668207634,
    "perfectAfterSecond_Same": [
      3028.0
    ],
    "perfectAfterSecond_Total": [
      7571.0
    ],
    "perfectTriplesByCommand_Dict": {
      "clean": 0.6085686465433301,