{
  "exact": {
    "commandsProp": 0.8698352573728927,
    "arg1Prop": 0.5991519437988668,
    "arg2Prop": 0.5241363142828941,
    "commandsByIdx_Avg": [
      0.9994716682076344,
      0.9963016774534408,
      0.941751419891692,
      0.8112231361103741,
      0.7821569329989251,
      0.7412738395106153,
      0.7550761421319797,
      0.6090322580645161,
      0.6244175209692451,
      0.38169425511197663
    ],
    "commandsByIdx_ElementwiseAvg": 0.8326408216063659,
    "commandsByIdx_Same": [
      7567.0,
      7543.0,
      7130.0,
      6115.0,
      4366.0,
      4120.0,
      2380.0,
      1416.0,
      670.0,
      1176.0
    ],
    "commandsByIdx_Total": [
      7571.0,
      7571.0,
      7571.0,
      7538.0,
      5582.0,
      5558.0,
      3152.0,
      2325.0,
      1073.0,
      3081.0
    ],
    "arg1ByIdx_Avg": [
      0.30537577598732,
      0.7467969885087835,
      0.6898692378813895,
      0.7682409127089413,
      0.43264063059835184,
      0.6120906801007556,
      0.46383248730964466,
      0.6636559139784947,
      0.3662628145386766,
      0.4196689386562804
    ],
    "arg1ByIdx_ElementwiseAvg": 0.5779467680608364,
    "arg1ByIdx_Same": [
      2312.0,
      5654.0,
      5223.0,
      5791.0,
      2415.0,
      3402.0,
      1462.0,
      1543.0,
      393.0,
      1293.0
    ],
    "arg1ByIdx_Total": [
      7571.0,
      7571.0,
      7571.0,
      7538.0,
      5582.0,
      5558.0,
      3152.0,
      2325.0,
      1073.0,
      3081.0
    ],
    "arg2ByIdx_Avg": [
      0.0,
      0.0,
      0.0196078431372549,
      0.5287112992855253,
      0.029641185647425898,
      0.4280898876404494,
      0.48747390396659707,
      0.5204765450483991,
      0.03508771929824561,
      0.2133592736705577
    ],
    "arg2ByIdx_ElementwiseAvg": 0.4188055486336074,
    "arg2ByIdx_Same": [
      0.0,
      0.0,
      2.0,
      1998.0,
      19.0,
      1524.0,
      467.0,
      699.0,
      4.0,
      329.0
    ],
    "arg2ByIdx_Total": [
      0.0,
      0.0,
      102.0,
      3779.0,
      641.0,
      3560.0,
      958.0,
      1343.0,
      114.0,
      1542.0
    ],
    "perfectTriples_Avg": [
      0.30537577598732,
      0.7467969885087835,
      0.6641130630035662,
      0.590607588219687,
      0.4220709423145826,
      0.46779417056495143,
      0.3965736040609137,
      0.42236559139784946,
      0.32898415657036345,
      0.2839987017202207
    ],
    "perfectTriples_ElementwiseAvg": 0.5068793853631767,
    "perfectTriples_Same": [
      2312.0,
      5654.0,
      5028.0,
      4452.0,
      2356.0,
      2600.0,
      1250.0,
      982.0,
      353.0,
      875.0
    ],
    "perfectTriples_Total": [
      7571.0,
      7571.0,
      7571.0,
      7538.0,
      5582.0,
      5558.0,
      3152.0,
      2325.0,
      1073.0,
      3081.0
    ],
    "perfectTriplesByCommand_Avg": [
      0.6231742940603701,
      0.656479217603912,
      0.41537712895377127,
      0.45249440032579924,
      0.5227272727272727,
      0.5881792183031459,
      0.6042780748663101,
      0.670773381294964,
      0.0,
      0.0
    ],
    "perfectTriplesByCommand_ElementwiseAvg": 0.5068793853631767,
    "perfectTriplesByCommand_Same": [
      640.0,
      537.0,
      4268.0,
      11111.0,
      552.0,
      617.0,
      678.0,
      7459.0,
      0.0,
      0.0
    ],
    "perfectTriplesByCommand_Total": [
      1027.0,
      818.0,
      10275.0,
      24555.0,
      1056.0,
      1049.0,
      1122.0,
      11120.0,
      0.0,
      0.0
    ],
    "perfectAfterSecond_Avg": [
      0.3693039228635583
    ],
    "perfectAfterSecond_ElementwiseAvg": 0.3693039228635583,
    "perfectAfterSecond_Same": [
      2796.0
    ],
    "perfectAfterSecond_Total": [
      7571.0
    ],
    "perfectTriplesByCommand_Dict": {
      "clean": 0.6231742940603701,
      "toggle": 0.656479217603912,
      "put": 0.41537712895377127,
      "go to": 0.45249440032579924,
      "heat": 0.5227272727272727,
      "cool": 0.5881792183031459,
      "slice": 0.6042780748663101,
      "pick up": 0.670773381294964,
      "unknown": 0.0
    },
    "perfectProp": 0.11504424778761062,
    "countTotal": 7571,
    "scoreMode": 9
  },
  "permissive": {
    "commandsProp": 0.8698352573728927,
    "arg1Prop": 0.6549296803820829,
    "arg2Prop": 0.5595474286842367,
    "commandsByIdx_Avg": [
      0.9994716682076344,
      0.9963016774534408,
      0.941751419891692,
      0.8112231361103741,
      0.7821569329989251,
      0.7412738395106153,
      0.7550761421319797,
      0.6090322580645161,
      0.6244175209692451,
      0.38169425511197663
    ],
    "commandsByIdx_ElementwiseAvg": 0.8326408216063659,
    "commandsByIdx_Same": [
      7567.0,
      7543.0,
      7130.0,
      6115.0,
      4366.0,
      4120.0,
      2380.0,
      1416.0,
      670.0,
      1176.0
    ],
    "commandsByIdx_Total": [
      7571.0,
      7571.0,
      7571.0,
      7538.0,
      5582.0,
      5558.0,
      3152.0,
      2325.0,
      1073.0,
      3081.0
    ],
    "arg1ByIdx_Avg": [
      0.3712851670849293,
      0.8442742042002378,
      0.7358341038171972,
      0.8201114353940037,
      0.4700824077391616,
      0.6745232097876934,
      0.48064720812182743,
      0.687741935483871,
      0.36719478098788444,
      0.4229146381045115
    ],
    "arg1ByIdx_ElementwiseAvg": 0.6299243463603935,
    "arg1ByIdx_Same": [
      2811.0,
      6392.0,
      5571.0,
      6182.0,
      2624.0,
      3749.0,
      1515.0,
      1599.0,
      394.0,
      1303.0
    ],
    "arg1ByIdx_Total": [
      7571.0,
      7571.0,
      7571.0,
      7538.0,
      5582.0,
      5558.0,
      3152.0,
      2325.0,
      1073.0,
      3081.0
    ],
    "arg2ByIdx_Avg": [
      0.0,
      0.0,
      0.0196078431372549,
      0.5575549087060069,
      0.031201248049921998,
      0.4601123595505618,
      0.5302713987473904,
      0.5502606105733433,
      0.03508771929824561,
      0.2204928664072633
    ],
    "arg2ByIdx_ElementwiseAvg": 0.4450535758783952,
    "arg2ByIdx_Same": [
      0.0,
      0.0,
      2.0,
      2107.0,
      20.0,
      1638.0,
      508.0,
      739.0,
      4.0,
      340.0
    ],
    "arg2ByIdx_Total": [
      0.0,
      0.0,
      102.0,
      3779.0,
      641.0,
      3560.0,
      958.0,
      1343.0,
      114.0,
      1542.0
    ],
    "perfectTriples_Avg": [
      0.3712851670849293,
      0.8441421212521464,
      0.7047946110157178,
      0.6442027062881401,
      0.4544965962020781,
      0.5203310543360922,
      0.42258883248730966,
      0.4559139784946237,
      0.3299161230195713,
      0.290814670561506
    ],
    "perfectTriples_ElementwiseAvg": 0.5578965936262789,
    "perfectTriples_Same": [
      2811.0,
      6391.0,
      5336.0,
      4856.0,
      2537.0,
      2892.0,
      1332.0,
      1060.0,
      354.0,
      896.0
    ],
    "perfectTriples_Total": [
      7571.0,
      7571.0,
      7571.0,
      7538.0,
      5582.0,
      5558.0,
      3152.0,
      2325.0,
      1073.0,
      3081.0
    ],
    "perfectTriplesByCommand_Avg": [
      0.6368062317429406,
      0.8753056234718827,
      0.46530413625304134,
      0.49655874567297903,
      0.5227272727272727,
      0.6081982840800763,
      0.6042780748663101,
      0.7421762589928057,
      0.0,
      0.0
    ],
    "perfectTriplesByCommand_ElementwiseAvg": 0.5578965936262789,
    "perfectTriplesByCommand_Same": [
      654.0,
      716.0,
      4781.0,
      12193.0,
      552.0,
      638.0,
      678.0,
      8253.0,
      0.0,
      0.0
    ],
    "perfectTriplesByCommand_Total": [
      1027.0,
      818.0,
      10275.0,
      24555.0,
      1056.0,
      1049.0,
      1122.0,
      11120.0,
      0.0,
      0.0
    ],
    "perfectAfterSecond_Avg": [
      0.435345396909259
    ],
    "perfectAfterSecond_ElementwiseAvg": 0.435345396909259,
    "perfectAfterSecond_Same": [
      3296.0
    ],
    "perfectAfterSecond_Total": [
      7571.0
    ],