{
  "exact": {
    "commandsProp": 0.866409103309353,
    "arg1Prop": 0.6002761535909329,
    "arg2Prop": 0.5313663063329878,
    "commandsByIdx_Avg": [
      0.9994716682076344,
      0.9944525161801612,
      0.9409589222031436,
      0.8120191032104006,
      0.7629881762809029,
      0.7317380352644837,
      0.7484137055837563,
      0.6012903225806452,
      0.5973904939422181,
      0.36838688737422914
    ],
    "commandsByIdx_ElementwiseAvg": 0.8270941946611265,
    "commandsByIdx_Same": [
      7567.0,
      7529.0,
      7124.0,
      6121.0,
      4259.0,
      4067.0,
      2359.0,
      1398.0,
      641.0,
      1135.0
    ],
    "commandsByIdx_Total": [
      7571.0,
      7571.0,
      7571.0,
      7538.0,
      5582.0,
      5558.0,
      3152.0,
      2325.0,
      1073.0,
      3081.0
    ],
    "arg1ByIdx_Avg": [
      0.3177915731079118,
      0.7449478272355039,
      0.6955488046493198,
      0.7685062350756169,
      0.4288785381583662,
      0.6009355883411299,
      0.4714467005076142,
      0.650752688172043,
      0.3634669151910531,
      0.4079844206426485
    ],
    "arg1ByIdx_ElementwiseAvg": 0.5778879698953393,
    "arg1ByIdx_Same": [
      2406.0,
      5640.0,
      5266.0,
      5793.0,
      2394.0,
      3340.0,
      1486.0,
      1513.0,
      390.0,
      1257.0
    ],
    "arg1ByIdx_Total": [
      7571.0,
      7571.0,
      7571.0,
      7538.0,
      5582.0,
      5558.0,
      3152.0,
      2325.0,
      1073.0,
      3081.0
    ],
    "arg2ByIdx_Avg": [
      0.0,
      0.0,
      0.00909090909090909,
      0.5516874833909116,
      0.0297029702970297,
      0.4238391845979615,
      0.48329853862212946,
      0.5450516986706057,
      0.02586206896551724,
      0.20867900446713467
    ],
    "arg2ByIdx_ElementwiseAvg": 0.4233914264475097,
    "arg2ByIdx_Same": [
      0.0,
      0.0,
      1.0,
      2076.0,
      21.0,
      1497.0,
      463.0,
      738.0,
      3.0,
      327.0
    ],
    "arg2ByIdx_Total": [
      0.0,
      0.0,
      110.0,
      3763.0,
      707.0,
      3532.0,
      958.0,
      1354.0,
      116.0,
      1567.0
    ],
    "perfectTriples_Avg": [
      0.3177915731079118,
      0.7449478272355039,
      0.6671509708096685,
      0.59869992040329,
      0.41812970261555,
      0.4681540122346168,
      0.40831218274111675,
      0.43053763440860215,
      0.3168685927306617,
      0.2778318727685816
    ],
    "perfectTriples_ElementwiseAvg": 0.5101720826310219,
    "perfectTriples_Same": [
      2406.0,
      5640.0,
      5051.0,
      4513.0,
      2334.0,
      2602.0,
      1287.0,
      1001.0,
      340.0,
      856.0
    ],
    "perfectTriples_Total": [
      7571.0,
      7571.0,
      7571.0,
      7538.0,
      5582.0,
      5558.0,
      3152.0,
      2325.0,
      1073.0,
      3081.0
    ],
    "perfectTriplesByCommand_Avg": [
      0.6066212268743915,
      0.6735941320293398,
      0.42598540145985403,
      0.45689268987986154,
      0.5227272727272727,
      0.5900857959961868,
      0.5926916221033868,
      0.6676258992805756,
      0.0,
      0.0
    ],
    "perfectTriplesByCommand_ElementwiseAvg": 0.5101720826310219,
    "perfectTriplesByCommand_Same": [
      623.0,
      551.0,
      4377.0,
      11219.0,
      552.0,
      619.0,
      665.0,
      7424.0,
      0.0,
      0.0
    ],
    "perfectTriplesByCommand_Total": [
      1027.0,
      818.0,
      10275.0,
      24555.0,
      1056.0,
      1049.0,
      1122.0,
      11120.0,
      0.0,
      0.0
    ],
    "perfectAfterSecond_Avg": [
      0.3774930656452252
    ],
    "perfectAfterSecond_ElementwiseAvg": 0.3774930656452252,
    "perfectAfterSecond_Same": [
      2858.0
    ],
    "perfectAfterSecond_Total": [
      7571.0
    ],
    "perfectTriplesByCommand_Dict": {
      "clean": 0.6066212268743915,
      "toggle": 0.6735941320293398,
      "put": 0.42598540145985403,
      "go to": 0.45689268987986154,
      "heat": 0.5227272727272727,
      "cool": 0.5900857959961868,
      "slice": 0.5926916221033868,
      "pick up": 0.6676258992805756,
      "unknown": 0.0
    },
    "perfectProp": 0.12838462554484217,
    "countTotal": 7571,
    "scoreMode": 9
  },
  "permissive": {
    "commandsProp": 0.866409103309353,
    "arg1Prop": 0.6565996843981232,
    "arg2Prop": 0.562246409003406,
    "commandsByIdx_Avg": [
      0.9994716682076344,
      0.9944525161801612,
      0.9409589222031436,
      0.8120191032104006,
      0.7629881762809029,
      0.7317380352644837,
      0.7484137055837563,
      0.6012903225806452,
      0.5973904939422181,
      0.36838688737422914
    ],
    "commandsByIdx_ElementwiseAvg": 0.8270941946611265,
    "commandsByIdx_Same": [
      7567.0,
      7529.0,
      7124.0,
      6121.0,
      4259.0,
      4067.0,
      2359.0,
      1398.0,
      641.0,
      1135.0
    ],
    "commandsByIdx_Total": [
      7571.0,
      7571.0,
      7571.0,
      7538.0,
      5582.0,
      5558.0,
      3152.0,
      2325.0,
      1073.0,
      3081.0
    ],
    "arg1ByIdx_Avg": [
      0.3866067890635319,
      0.8457271166292432,
      0.7358341038171972,
      0.8230299814274343,
      0.4638122536725188,
      0.6653472472112271,
      0.4860406091370558,
      0.6817204301075269,
      0.36533084808946875,
      0.41317753975981825
    ],
    "arg1ByIdx_ElementwiseAvg": 0.6305907255693622,
    "arg1ByIdx_Same": [
      2927.0,
      6403.0,
      5571.0,
      6204.0,
      2589.0,
      3698.0,
      1532.0,
      1585.0,
      392.0,
      1273.0
    ],
    "arg1ByIdx_Total": [
      7571.0,
      7571.0,
      7571.0,
      7538.0,
      5582.0,
      5558.0,
      3152.0,
      2325.0,
      1073.0,
      3081.0
    ],
    "arg2ByIdx_Avg": [
      0.0,
      0.0,
      0.00909090909090909,
      0.5756045708211533,
      0.031117397454031116,
      0.4515855039637599,
      0.5271398747390397,
      0.568685376661743,
      0.02586206896551724,
      0.21952776005105296
    ],
    "arg2ByIdx_ElementwiseAvg": 0.4465185429916577,
    "arg2ByIdx_Same": [
      0.0,
      0.0,
      1.0,
      2166.0,
      22.0,
      1595.0,
      505.0,
      770.0,
      3.0,
      344.0
    ],
    "arg2ByIdx_Total": [
      0.0,
      0.0,
      110.0,
      3763.0,
      707.0,
      3532.0,
      958.0,
      1354.0,
      116.0,
      1567.0
    ],
    "perfectTriples_Avg": [
      0.3866067890635319,
      0.8457271166292432,
      0.7061154404966319,
      0.6529583443884319,
      0.4476890003582945,
      0.5208708168405901,
      0.43147208121827413,
      0.4653763440860215,
      0.31873252562907733,
      0.2872444011684518
    ],
    "perfectTriples_ElementwiseAvg": 0.5617380737720983,
    "perfectTriples_Same": [
      2927.0,
      6403.0,
      5346.0,
      4922.0,
      2499.0,
      2895.0,
      1360.0,
      1082.0,
      342.0,
      885.0
    ],
    "perfectTriples_Total": [
      7571.0,
      7571.0,
      7571.0,
      7538.0,
      5582.0,
      5558.0,
      3152.0,
      2325.0,
      1073.0,
      3081.0
    ],
    "perfectTriplesByCommand_Avg": [
      0.6124634858812074,
      0.9168704156479217,
      0.4748418491484185,
      0.5005497861942578,
      0.5227272727272727,
      0.6062917063870352,
      0.5926916221033868,
      0.7427158273381295,
      0.0,
      0.0
    ],
    "perfectTriplesByCommand_ElementwiseAvg": 0.5617380737720983,
    "perfectTriplesByCommand_Same": [
      629.0,
      750.0,
      4879.0,
      12291.0,
      552.0,
      636.0,
      665.0,
      8259.0,
      0.0,
      0.0
    ],
    "perfectTriplesByCommand_Total": [
      1027.0,
      818.0,
      10275.0,
      24555.0,
      1056.0,
      1049.0,
      1122.0,
      11120.0,
      0.0,
      0.0
    ],
    "perfectAfterSecond_Avg": [
      0.4399683000924581
    ],
    "perfectAfterSecond_ElementwiseAvg": 0.4399683000924581,
    "perfectAfterSecond_Same": [
      3331.0
    ],
    "perfectAfterSecond_Total": [
      7571.0
    ],