{
  "exact": {
    "commandsProp": 0.8574204881582856,
    "arg1Prop": 0.5944437848369799,
    "arg2Prop": 0.5094286560094731,
    "commandsByIdx_Avg": [
      0.9994716682076344,
      0.9948487650244353,
      0.9385814291374983,
      0.8045900769434864,
      0.7567180222142601,
      0.7182439726520331,
      0.7106598984771574,
      0.530752688172043,
      0.5834109972041006,
      0.3005517689061993
    ],
    "commandsByIdx_ElementwiseAvg": 0.8136098153737603,
    "commandsByIdx_Same": [
      7567.0,
      7532.0,
      7106.0,
      6065.0,
      4224.0,
      3992.0,
      2240.0,
      1234.0,
      626.0,
      926.0
    ],
    "commandsByIdx_Total": [
      7571.0,
      7571.0,
      7571.0,
      7538.0,
      5582.0,
      5558.0,
      3152.0,
      2325.0,
      1073.0,
      3081.0
    ],
    "arg1ByIdx_Avg": [
      0.3407740060758156,
      0.7499669792629772,
      0.6780713342140027,
      0.764659060758822,
      0.4319240415621641,
      0.5913997840949982,
      0.4324238578680203,
      0.6,
      0.3019571295433364,
      0.3644920480363518
    ],
    "arg1ByIdx_ElementwiseAvg": 0.569530193449756,
    "arg1ByIdx_Same": [
      2580.0,
      5678.0,
      5133.0,
      5764.0,
      2411.0,
      3287.0,
      1363.0,
      1395.0,
      324.0,
      1123.0
    ],
    "arg1ByIdx_Total": [
      7571.0,
      7571.0,
      7570.0,
      7538.0,
      5582.0,
      5558.0,
      3152.0,
      2325.0,
      1073.0,
      3081.0
    ],
    "arg2ByIdx_Avg": [
      0.0,
      0.0,
      0.017543859649122806,
      0.5211909871244635,
      0.022636484687083888,
      0.43247045582442317,
      0.43343653250773995,
      0.46607669616519176,
      0.0,
      0.17407407407407408
    ],
    "arg2ByIdx_ElementwiseAvg": 0.39595281009339667,
    "arg2ByIdx_Same": [
      0.0,
      0.0,
      2.0,
      1943.0,
      17.0,
      1537.0,
      420.0,
      632.0,
      0.0,
      282.0
    ],
    "arg2ByIdx_Total": [
      0.0,
      0.0,
      114.0,
      3728.0,
      751.0,
      3554.0,
      969.0,
      1356.0,
      114.0,
      1620.0
    ],
    "perfectTriples_Avg": [
      0.3405098401796328,
      0.7499669792629772,
      0.6494518557654206,
      0.580260015919342,
      0.41812970261555,
      0.4499820079165167,
      0.36008883248730966,
      0.36989247311827955,
      0.26281453867660765,
      0.22817267121064588
    ],
    "perfectTriples_ElementwiseAvg": 0.49707969111363726,
    "perfectTriples_Same": [
      2578.0,
      5678.0,
      4917.0,
      4374.0,
      2334.0,
      2501.0,
      1135.0,
      860.0,
      282.0,
      703.0
    ],
    "perfectTriples_Total": [
      7571.0,
      7571.0,
      7571.0,
      7538.0,
      5582.0,
      5558.0,
      3152.0,
      2325.0,
      1073.0,
      3081.0
    ],
    "perfectTriplesByCommand_Avg": [
      0.6231742940603701,
      0.6308068459657702,
      0.40311435523114353,
      0.4477295866422317,
      0.4971590909090909,
      0.5748331744518589,
      0.5614973262032086,
      0.6575539568345323,
      0.0,
      0.0
    ],
    "perfectTriplesByCommand_ElementwiseAvg": 0.49707969111363726,
    "perfectTriplesByCommand_Same": [
      640.0,
      516.0,
      4142.0,
      10994.0,
      525.0,
      603.0,
      630.0,
      7312.0,
      0.0,
      0.0
    ],
    "perfectTriplesByCommand_Total": [
      1027.0,
      818.0,
      10275.0,
      24555.0,
      1056.0,
      1049.0,
      1122.0,
      11120.0,
      0.0,
      0.0
    ],
    "perfectAfterSecond_Avg": [
      0.3625676925108968
    ],
    "perfectAfterSecond_ElementwiseAvg": 0.3625676925108968,
    "perfectAfterSecond_Same": [
      2745.0
    ],
    "perfectAfterSecond_Total": [
      7571.0
    ],
    "perfectTriplesByCommand_Dict": {
      "clean": 0.6231742940603701,
      "toggle": 0.6308068459657702,
      "put": 0.40311435523114353,
      "go to": 0.4477295866422317,
      "heat": 0.4971590909090909,
      "cool": 0.5748331744518589,
      "slice": 0.5614973262032086,
      "pick up": 0.6575539568345323,
      "unknown": 0.0
    },
    "perfectProp": 0.12640338132347115,
    "countTotal": 7571,
    "scoreMode": 9
  },
  "permissive": {
    "commandsProp": 0.8574204881582856,
    "arg1Prop": 0.6499802515797783,
    "arg2Prop": 0.5423993487270574,
    "commandsByIdx_Avg": [
      0.9994716682076344,
      0.9948487650244353,
      0.9385814291374983,
      0.8045900769434864,
      0.7567180222142601,
      0.7182439726520331,
      0.7106598984771574,
      0.530752688172043,
      0.5834109972041006,
      0.3005517689061993
    ],
    "commandsByIdx_ElementwiseAvg": 0.8136098153737603,
    "commandsByIdx_Same": [
      7567.0,
      7532.0,
      7106.0,
      6065.0,
      4224.0,
      3992.0,
      2240.0,
      1234.0,
      626.0,
      926.0
    ],
    "commandsByIdx_Total": [
      7571.0,
      7571.0,
      7571.0,
      7538.0,
      5582.0,
      5558.0,
      3152.0,
      2325.0,
      1073.0,
      3081.0
    ],
    "arg1ByIdx_Avg": [
      0.4036454893673227,
      0.8444062871483291,
      0.7244385733157199,
      0.8232953037941099,
      0.4675743461125045,
      0.6424973011874775,
      0.44765228426395937,
      0.6176344086021506,
      0.30288909599254427,
      0.36806231742940604
    ],
    "arg1ByIdx_ElementwiseAvg": 0.6198624095960487,
    "arg1ByIdx_Same": [
      3056.0,
      6393.0,
      5484.0,
      6206.0,
      2610.0,
      3571.0,
      1411.0,
      1436.0,
      325.0,
      1134.0
    ],
    "arg1ByIdx_Total": [
      7571.0,
      7571.0,
      7570.0,
      7538.0,
      5582.0,
      5558.0,
      3152.0,
      2325.0,
      1073.0,
      3081.0
    ],
    "arg2ByIdx_Avg": [
      0.0,
      0.0,
      0.017543859649122806,
      0.5464055793991416,
      0.023968042609853527,
      0.4625773776027012,
      0.48194014447884415,
      0.4941002949852507,
      0.0,
      0.1814814814814815
    ],
    "arg2ByIdx_ElementwiseAvg": 0.4204489595281009,
    "arg2ByIdx_Same": [
      0.0,
      0.0,
      2.0,
      2037.0,
      18.0,
      1644.0,
      467.0,
      670.0,
      0.0,
      294.0
    ],
    "arg2ByIdx_Total": [
      0.0,
      0.0,
      114.0,
      3728.0,
      751.0,
      3554.0,
      969.0,
      1356.0,
      114.0,
      1620.0
    ],
    "perfectTriples_Avg": [
      0.40338132347113986,
      0.8444062871483291,
      0.6927750627394004,
      0.6377023083045901,
      0.44679326406305986,
      0.4967614249730119,
      0.3861040609137056,
      0.39526881720430107,
      0.2637465051258155,
      0.23563777994157742
    ],
    "perfectTriples_ElementwiseAvg": 0.5468033397358002,
    "perfectTriples_Same": [
      3054.0,
      6393.0,
      5245.0,
      4807.0,
      2494.0,
      2761.0,
      1217.0,
      919.0,
      283.0,
      726.0
    ],
    "perfectTriples_Total": [
      7571.0,
      7571.0,
      7571.0,
      7538.0,
      5582.0,
      5558.0,
      3152.0,
      2325.0,
      1073.0,
      3081.0
    ],
    "perfectTriplesByCommand_Avg": [
      0.6407010710808179,
      0.8924205378973105,
      0.44953771289537714,
      0.4907350845041743,
      0.4971590909090909,
      0.5900857959961868,
      0.5614973262032086,
      0.7255395683453237,
      0.0,
      0.0
    ],
    "perfectTriplesByCommand_ElementwiseAvg": 0.5468033397358002,
    "perfectTriplesByCommand_Same": [
      658.0,
      730.0,
      4619.0,
      12050.0,
      525.0,
      619.0,
      630.0,
      8068.0,
      0.0,
      0.0
    ],
    "perfectTriplesByCommand_Total": [
      1027.0,
      818.0,
      10275.0,
      24555.0,
      1056.0,
      1049.0,
      1122.0,
      11120.0,
      0.0,
      0.0
    ],
    "perfectAfterSecond_Avg": [
      0.42953374719323734
    ],
    "perfectAfterSecond_ElementwiseAvg": 0.42953374719323734,
    "perfectAfterSecond_Same": [
      3252.0
    ],
    "perfectAfterSecond_Total": [
      7571.0
    ],
    "perfectTriplesByCommand_Dict": {
      "clean": 0.6407010710808179,