{
  "exact": {
    "commandsProp": 0.8398777824216418,
    "arg1Prop": 0.5384383110131288,
    "arg2Prop": 0.5160415844190026,
    "commandsByIdx_Avg": [
      0.9991167638226461,
      0.9943472884649355,
      0.928634516869811,
      0.7630457933972311,
      0.7381349868829,
      0.6917365269461078,
      0.5885885885885885,
      0.47227086981903094,
      0.55,
      0.38255360623781676
    ],
    "commandsByIdx_ElementwiseAvg": 0.7984188678247535,
    "commandsByIdx_Same": [
      5656.0,
      5629.0,
      5257.0,
      4299.0,
      3095.0,
      2888.0,
      1372.0,
      809.0,
      407.0,
      785.0
    ],
    "commandsByIdx_Total": [
      5661.0,
      5661.0,
      5661.0,
      5634.0,
      4193.0,
      4175.0,
      2331.0,
      1713.0,
      740.0,
      2052.0
    ],
    "arg1ByIdx_Avg": [
      0.23246776187952659,
      0.6887475711005123,
      0.6472354707648825,
      0.7000354987575435,
      0.4221321249701884,
      0.5238323353293414,
      0.3642213642213642,
      0.47810858143607704,
      0.32972972972972975,
      0.4171539961013645
    ],
    "arg1ByIdx_ElementwiseAvg": 0.5168557150789244,
    "arg1ByIdx_Same": [
      1316.0,
      3899.0,
      3664.0,
      3944.0,
      1770.0,
      2187.0,
      849.0,
      819.0,
      244.0,
      856.0
    ],
    "arg1ByIdx_Total": [
      5661.0,
      5661.0,
      5661.0,
      5634.0,
      4193.0,
      4175.0,
      2331.0,
      1713.0,
      740.0,
      2052.0
    ],
    "arg2ByIdx_Avg": [
      0.0,
      0.0,
      0.0,
      0.5110148067894547,
      0.02494802494802495,
      0.46307977736549166,
      0.4553314121037464,
      0.3388510223953262,
      0.0,
      0.2107843137254902
    ],
    "arg2ByIdx_ElementwiseAvg": 0.4025826914363389,
    "arg2ByIdx_Same": [
      0.0,
      0.0,
      0.0,
      1415.0,
      12.0,
      1248.0,
      316.0,
      348.0,
      0.0,
      215.0
    ],
    "arg2ByIdx_Total": [
      1.0,
      0.0,
      77.0,
      2769.0,
      481.0,
      2695.0,
      694.0,
      1027.0,
      64.0,
      1020.0
    ],
    "perfectTriples_Avg": [
      0.23211446740858505,
      0.6887475711005123,
      0.6168521462639109,
      0.5271565495207667,
      0.4113999523014548,
      0.4138922155688623,
      0.3088803088803089,
      0.329246935201401,
      0.3108108108108108,
      0.2875243664717349
    ],
    "perfectTriples_ElementwiseAvg": 0.45561989370984374,
    "perfectTriples_Same": [
      1314.0,
      3899.0,
      3492.0,
      2970.0,
      1725.0,
      1728.0,
      720.0,
      564.0,
      230.0,
      590.0
    ],
    "perfectTriples_Total": [
      5661.0,
      5661.0,
      5661.0,
      5634.0,
      4193.0,
      4175.0,
      2331.0,
      1713.0,
      740.0,
      2052.0
    ],
    "perfectTriplesByCommand_Avg": [
      0.5942028985507246,
      0.6175972927241963,
      0.3820723899124526,
      0.40437008090703946,
      0.5132408575031526,
      0.45703611457036114,
      0.5148771021992238,
      0.6006038647342995,
      0.0,
      0.0
    ],
    "perfectTriplesByCommand_ElementwiseAvg": 0.45561989370984374,
    "perfectTriplesByCommand_Same": [
      451.0,
      365.0,
      2924.0,
      7347.0,
      407.0,
      367.0,
      398.0,
      4973.0,
      0.0,
      0.0
    ],
    "perfectTriplesByCommand_Total": [
      759.0,
      591.0,
      7653.0,
      18169.0,
      793.0,
      803.0,
      773.0,
      8280.0,
      0.0,
      0.0
    ],
    "perfectAfterSecond_Avg": [
      0.33986928104575165
    ],
    "perfectAfterSecond_ElementwiseAvg": 0.33986928104575165,
    "perfectAfterSecond_Same": [
      1924.0
    ],
    "perfectAfterSecond_Total": [
      5661.0
    ],
    "perfectTriplesByCommand_Dict": {
      "clean": 0.5942028985507246,
      "toggle": 0.6175972927241963,
      "put": 0.3820723899124526,
      "go to": 0.40437008090703946,
      "heat": 0.5132408575031526,
      "cool": 0.45703611457036114,
      "slice": 0.5148771021992238,
      "pick up": 0.6006038647342995,
      "unknown": 0.0
    },
    "perfectProp": 0.08267090620031796,
    "countTotal": 5661,
    "scoreMode": 9
  },
  "permissive": {
    "commandsProp": 0.8398777824216418,
    "arg1Prop": 0.5878286332104683,
    "arg2Prop": 0.5423608369522307,
    "commandsByIdx_Avg": [
      0.9991167638226461,
      0.9943472884649355,
      0.928634516869811,
      0.7630457933972311,
      0.7381349868829,
      0.6917365269461078,
      0.5885885885885885,
      0.47227086981903094,
      0.55,
      0.38255360623781676
    ],
    "commandsByIdx_ElementwiseAvg": 0.7984188678247535,
    "commandsByIdx_Same": [
      5656.0,
      5629.0,
      5257.0,
      4299.0,
      3095.0,
      2888.0,
      1372.0,
      809.0,
      407.0,
      785.0
    ],
    "commandsByIdx_Total": [
      5661.0,
      5661.0,
      5661.0,
      5634.0,
      4193.0,
      4175.0,
      2331.0,
      1713.0,
      740.0,
      2052.0
    ],
    "arg1ByIdx_Avg": [
      0.2686804451510334,
      0.773891538597421,
      0.700229641406112,
      0.7582534611288605,
      0.4507512520868113,
      0.5743712574850299,
      0.37494637494637495,
      0.4938704028021016,
      0.3324324324324324,
      0.4215399610136452
    ],
    "arg1ByIdx_ElementwiseAvg": 0.5620422516591311,
    "arg1ByIdx_Same": [
      1521.0,
      4381.0,
      3964.0,
      4272.0,
      1890.0,
      2398.0,
      874.0,
      846.0,
      246.0,
      865.0
    ],
    "arg1ByIdx_Total": [
      5661.0,
      5661.0,
      5661.0,
      5634.0,
      4193.0,
      4175.0,
      2331.0,
      1713.0,
      740.0,
      2052.0
    ],
    "arg2ByIdx_Avg": [
      0.0,
      0.0,
      0.0,
      0.5420729505236548,
      0.02494802494802495,
      0.4790352504638219,
      0.4956772334293948,
      0.3592989289191821,
      0.0,
      0.22156862745098038
    ],
    "arg2ByIdx_ElementwiseAvg": 0.4239918441323063,
    "arg2ByIdx_Same": [
      0.0,
      0.0,
      0.0,
      1501.0,
      12.0,
      1291.0,
      344.0,
      369.0,
      0.0,
      226.0
    ],
    "arg2ByIdx_Total": [
      1.0,
      0.0,
      77.0,
      2769.0,
      481.0,
      2695.0,
      694.0,
      1027.0,
      64.0,
      1020.0
    ],
    "perfectTriples_Avg": [
      0.26832715068009183,
      0.773891538597421,
      0.6689630807277867,
      0.5875044373446929,
      0.43000238492725973,
      0.4431137724550898,
      0.32947232947232946,
      0.3508464681844717,
      0.31351351351351353,
      0.297270955165692
    ],
    "perfectTriples_ElementwiseAvg": 0.4986912032997541,
    "perfectTriples_Same": [
      1519.0,
      4381.0,
      3787.0,
      3310.0,
      1803.0,
      1850.0,
      768.0,
      601.0,
      232.0,
      610.0
    ],
    "perfectTriples_Total": [
      5661.0,
      5661.0,
      5661.0,
      5634.0,
      4193.0,
      4175.0,
      2331.0,
      1713.0,
      740.0,
      2052.0
    ],
    "perfectTriplesByCommand_Avg": [
      0.6034255599472991,
      0.9289340101522843,
      0.41996602639487784,
      0.4393747592052397,
      0.5132408575031526,
      0.46077210460772106,
      0.5148771021992238,
      0.6620772946859903,
      0.0,
      0.0
    ],
    "perfectTriplesByCommand_ElementwiseAvg": 0.4986912032997541,
    "perfectTriplesByCommand_Same": [
      458.0,
      549.0,
      3214.0,
      7983.0,
      407.0,
      370.0,
      398.0,
      5482.0,
      0.0,
      0.0
    ],
    "perfectTriplesByCommand_Total": [
      759.0,
      591.0,
      7653.0,
      18169.0,
      793.0,
      803.0,
      773.0,
      8280.0,
      0.0,
      0.0
    ],
    "perfectAfterSecond_Avg": [
      0.3972796325737502
    ],
    "perfectAfterSecond_ElementwiseAvg": 0.3972796325737502,
    "perfectAfterSecond_Same": [
      2249.0
    ],
    "perfectAfterSecond_Total": [
      5661.0
    ],
    "perfectTriplesByCommand_Dict": {
      "clean": 0.6034255599472991,
      "toggle": 0.9289340101522843,
      "put": 0.41996602639487784,