{
  "exact": {
    "commandsProp": 0.9055487488408018,
    "arg1Prop": 0.6782688069839738,
    "arg2Prop": 0.6869132149901379,
    "commandsByIdx_Avg": [
      0.9991167638226461,
      0.9925808161102279,
      0.9379968203497615,
      0.860844870429535,
      0.8569043644168853,
      0.834251497005988,
      0.8138138138138138,
      0.7162872154115587,
      0.6283783783783784,
      0.47855750487329435
    ],
    "commandsByIdx_ElementwiseAvg": 0.8746992411623172,
    "commandsByIdx_Same": [
      5656.0,
      5619.0,
      5310.0,
      4850.0,
      3593.0,
      3483.0,
      1897.0,
      1227.0,
      465.0,
      982.0
    ],
    "commandsByIdx_Total": [
      5661.0,
      5661.0,
      5661.0,
      5634.0,
      4193.0,
      4175.0,
      2331.0,
      1713.0,
      740.0,
      2052.0
    ],
    "arg1ByIdx_Avg": [
      0.3280339162692104,
      0.7972089736795619,
      0.8010952128599187,
      0.8166489172878949,
      0.550202718817076,
      0.698443113772455,
      0.5997425997425997,
      0.7443082311733801,
      0.422972972972973,
      0.52046783625731
    ],
    "arg1ByIdx_ElementwiseAvg": 0.6552708812564448,
    "arg1ByIdx_Same": [
      1857.0,
      4513.0,
      4535.0,
      4601.0,
      2307.0,
      2916.0,
      1398.0,
      1275.0,
      313.0,
      1068.0
    ],
    "arg1ByIdx_Total": [
      5661.0,
      5661.0,
      5661.0,
      5634.0,
      4193.0,
      4175.0,
      2331.0,
      1713.0,
      740.0,
      2052.0
    ],
    "arg2ByIdx_Avg": [
      0.0,
      0.0,
      0.011235955056179775,
      0.7069408740359897,
      0.019662921348314606,
      0.5847817690227887,
      0.6376811594202898,
      0.7222222222222222,
      0.0,
      0.30434782608695654
    ],
    "arg2ByIdx_ElementwiseAvg": 0.5788608338226658,
    "arg2ByIdx_Same": [
      0.0,
      0.0,
      1.0,
      1925.0,
      7.0,
      1514.0,
      440.0,
      741.0,
      0.0,
      301.0
    ],
    "arg2ByIdx_Total": [
      0.0,
      0.0,
      89.0,
      2723.0,
      356.0,
      2589.0,
      690.0,
      1026.0,
      53.0,
      989.0
    ],
    "perfectTriples_Avg": [
      0.32768062179826885,
      0.7972089736795619,
      0.7714184773008302,
      0.712637557685481,
      0.5420939661340329,
      0.6150898203592814,
      0.546975546975547,
      0.5942790426152949,
      0.3972972972972973,
      0.3991228070175439
    ],
    "perfectTriples_ElementwiseAvg": 0.6080484386980778,
    "perfectTriples_Same": [
      1855.0,
      4513.0,
      4367.0,
      4015.0,
      2273.0,
      2568.0,
      1275.0,
      1018.0,
      294.0,
      819.0
    ],
    "perfectTriples_Total": [
      5661.0,
      5661.0,
      5661.0,
      5634.0,
      4193.0,
      4175.0,
      2331.0,
      1713.0,
      740.0,
      2052.0
    ],
    "perfectTriplesByCommand_Avg": [
      0.7378129117259552,
      0.7495769881556683,
      0.580295309029139,
      0.5425725136221036,
      0.7011349306431274,
      0.651307596513076,
      0.5756791720569211,
      0.7452898550724638,
      0.0,
      0.0
    ],
    "perfectTriplesByCommand_ElementwiseAvg": 0.6080484386980778,
    "perfectTriplesByCommand_Same": [
      560.0,
      443.0,
      4441.0,
      9858.0,
      556.0,
      523.0,
      445.0,
      6171.0,
      0.0,
      0.0
    ],
    "perfectTriplesByCommand_Total": [
      759.0,
      591.0,
      7653.0,
      18169.0,
      793.0,
      803.0,
      773.0,
      8280.0,
      0.0,
      0.0
    ],
    "perfectAfterSecond_Avg": [
      0.5029146793852676
    ],
    "perfectAfterSecond_ElementwiseAvg": 0.5029146793852676,
    "perfectAfterSecond_Same": [
      2847.0
    ],
    "perfectAfterSecond_Total": [
      5661.0
    ],
    "perfectTriplesByCommand_Dict": {
      "clean": 0.7378129117259552,
      "toggle": 0.7495769881556683,
      "put": 0.580295309029139,
      "go to": 0.5425725136221036,
      "heat": 0.7011349306431274,
      "cool": 0.651307596513076,
      "slice": 0.5756791720569211,
      "pick up": 0.7452898550724638,
      "unknown": 0.0
    },
    "perfectProp": 0.17965023847376788,
    "countTotal": 5661,
    "scoreMode": 9
  },
  "permissive": {
    "commandsProp": 0.9055487488408018,
    "arg1Prop": 0.7174001474827034,
    "arg2Prop": 0.704155161078238,
    "commandsByIdx_Avg": [
      0.9991167638226461,
      0.9925808161102279,
      0.9379968203497615,
      0.860844870429535,
      0.8569043644168853,
      0.834251497005988,
      0.8138138138138138,
      0.7162872154115587,
      0.6283783783783784,
      0.47855750487329435
    ],
    "commandsByIdx_ElementwiseAvg": 0.8746992411623172,
    "commandsByIdx_Same": [
      5656.0,
      5619.0,
      5310.0,
      4850.0,
      3593.0,
      3483.0,
      1897.0,
      1227.0,
      465.0,
      982.0
    ],
    "commandsByIdx_Total": [
      5661.0,
      5661.0,
      5661.0,
      5634.0,
      4193.0,
      4175.0,
      2331.0,
      1713.0,
      740.0,
      2052.0
    ],
    "arg1ByIdx_Avg": [
      0.37343225578519695,
      0.87528705175764,
      0.8274156509450628,
      0.8532126375576855,
      0.5747674695921774,
      0.7564071856287425,
      0.6091806091806092,
      0.7647402218330415,
      0.4243243243243243,
      0.526803118908382
    ],
    "arg1ByIdx_ElementwiseAvg": 0.6941381772031411,
    "arg1ByIdx_Same": [
      2114.0,
      4955.0,
      4684.0,
      4807.0,
      2410.0,
      3158.0,
      1420.0,
      1310.0,
      314.0,
      1081.0
    ],
    "arg1ByIdx_Total": [
      5661.0,
      5661.0,
      5661.0,
      5634.0,
      4193.0,
      4175.0,
      2331.0,
      1713.0,
      740.0,
      2052.0
    ],
    "arg2ByIdx_Avg": [
      0.0,
      0.0,
      0.011235955056179775,
      0.7230995225853838,
      0.019662921348314606,
      0.5952105059868675,
      0.6753623188405797,
      0.7407407407407407,
      0.0,
      0.31648129423660265
    ],
    "arg2ByIdx_ElementwiseAvg": 0.5938931297709924,
    "arg2ByIdx_Same": [
      0.0,
      0.0,
      1.0,
      1969.0,
      7.0,
      1541.0,
      466.0,
      760.0,
      0.0,
      313.0
    ],
    "arg2ByIdx_Total": [
      0.0,
      0.0,
      89.0,
      2723.0,
      356.0,
      2589.0,
      690.0,
      1026.0,
      53.0,
      989.0
    ],
    "perfectTriples_Avg": [
      0.37307896131425544,
      0.87528705175764,
      0.7966790319731496,
      0.7520411785587504,
      0.5595039351299785,
      0.6486227544910179,
      0.5654225654225654,
      0.6223000583771162,
      0.39864864864864863,
      0.4108187134502924
    ],
    "perfectTriples_ElementwiseAvg": 0.6448798286666138,
    "perfectTriples_Same": [
      2112.0,
      4955.0,
      4510.0,
      4237.0,
      2346.0,
      2708.0,
      1318.0,
      1066.0,
      295.0,
      843.0
    ],
    "perfectTriples_Total": [
      5661.0,
      5661.0,
      5661.0,
      5634.0,
      4193.0,
      4175.0,
      2331.0,
      1713.0,
      740.0,
      2052.0
    ],
    "perfectTriplesByCommand_Avg": [
      0.7628458498023716,
      0.9035532994923858,
      0.6159675944074219,
      0.5716330012658924,
      0.7011349306431274,
      0.6537982565379825,
      0.5756791720569211,
      0.8032608695652174,
      0.0,
      0.0
    ],
    "perfectTriplesByCommand_ElementwiseAvg": 0.6448798286666138,
    "perfectTriplesByCommand_Same": [
      579.0,
      534.0,
      4714.0,
      10386.0,
      556.0,
      525.0,
      445.0,
      6651.0,
      0.0,
      0.0
    ],
    "perfectTriplesByCommand_Total": [
      759.0,
      591.0,
      7653.0,
      18169.0,
      793.0,
      803.0,
      773.0,
      8280.0,
      0.0,
      0.0
    ],
    "perfectAfterSecond_Avg": [
      0.5463698993110758
    ],
    "perfectAfterSecond_ElementwiseAvg": 0.5463698993110758,
    "perfectAfterSecond_Same": [
      3093.0
    ],
    "perfectAfterSecond_Total": [
      5661.0
    ],
    "perfectTriplesByCommand_Dict": {
      "clean": 0.7628458498023716,
      "toggle": 0.9035532994923858,