{
  "exact": {
    "commandsProp": 0.9309564492729445,
    "arg1Prop": 0.7182427148044417,
    "arg2Prop": 0.7322245270904334,
    "commandsByIdx_Avg": [
      0.9994716682076344,
      0.9955091797648924,
      0.956544710077929,
      0.8986468559299549,
      0.8903618774632748,
      0.88089240734077,
      0.8727791878172588,
      0.7978494623655914,
      0.7353215284249767,
      0.6296656929568322
    ],
    "commandsByIdx_ElementwiseAvg": 0.9078632746658304,
    "commandsByIdx_Same": [
      7567.0,
      7537.0,
      7242.0,
      6774.0,
      4970.0,
      4896.0,
      2751.0,
      1855.0,
      789.0,
      1940.0
    ],
    "commandsByIdx_Total": [
      7571.0,
      7571.0,
      7571.0,
      7538.0,
      5582.0,
      5558.0,
      3152.0,
      2325.0,
      1073.0,
      3081.0
    ],
    "arg1ByIdx_Avg": [
      0.39823008849557523,
      0.8075551446308281,
      0.8381983885880333,
      0.8504908463783497,
      0.5863489788606234,
      0.7258006477150054,
      0.6307106598984772,
      0.8081720430107527,
      0.5591798695246971,
      0.6410256410256411
    ],
    "arg1ByIdx_ElementwiseAvg": 0.6984242091646741,
    "arg1ByIdx_Same": [
      3015.0,
      6114.0,
      6346.0,
      6411.0,
      3273.0,
      4034.0,
      1988.0,
      1879.0,
      600.0,
      1975.0
    ],
    "arg1ByIdx_Total": [
      7571.0,
      7571.0,
      7571.0,
      7538.0,
      5582.0,
      5558.0,
      3152.0,
      2325.0,
      1073.0,
      3081.0
    ],
    "arg2ByIdx_Avg": [
      0.0,
      0.0,
      0.010638297872340425,
      0.7597829191659525,
      0.011494252873563218,
      0.6126459698091712,
      0.6936736958934517,
      0.8111620795107034,
      0.013157894736842105,
      0.429920116194626
    ],
    "arg2ByIdx_ElementwiseAvg": 0.6380969511646731,
    "arg2ByIdx_Same": [
      0.0,
      0.0,
      1.0,
      2660.0,
      4.0,
      2151.0,
      625.0,
      1061.0,
      1.0,
      592.0
    ],
    "arg2ByIdx_Total": [
      0.0,
      3.0,
      94.0,
      3501.0,
      348.0,
      3511.0,
      901.0,
      1308.0,
      76.0,
      1377.0
    ],
    "perfectTriples_Avg": [
      0.3979659225993924,
      0.8074230616827368,
      0.8187821952185973,
      0.7633324489254444,
      0.5829451809387316,
      0.6415976970133141,
      0.5891497461928934,
      0.6920430107526881,
      0.5340167753960857,
      0.5271015903927296
    ],
    "perfectTriples_ElementwiseAvg": 0.6577946768060836,
    "perfectTriples_Same": [
      3013.0,
      6113.0,
      6199.0,
      5754.0,
      3254.0,
      3566.0,
      1857.0,
      1609.0,
      573.0,
      1624.0
    ],
    "perfectTriples_Total": [
      7571.0,
      7571.0,
      7571.0,
      7538.0,
      5582.0,
      5558.0,
      3152.0,
      2325.0,
      1073.0,
      3081.0
    ],
    "perfectTriplesByCommand_Avg": [
      0.7896786757546251,
      0.7982885085574573,
      0.6181995133819951,
      0.6041132152311138,
      0.7689393939393939,
      0.7187797902764538,
      0.696078431372549,
      0.7702338129496403,
      0.0,
      0.0
    ],
    "perfectTriplesByCommand_ElementwiseAvg": 0.6577946768060836,
    "perfectTriplesByCommand_Same": [
      811.0,
      653.0,
      6352.0,
      14834.0,
      812.0,
      754.0,
      781.0,
      8565.0,
      0.0,
      0.0
    ],
    "perfectTriplesByCommand_Total": [
      1027.0,
      818.0,
      10275.0,
      24555.0,
      1056.0,
      1049.0,
      1122.0,
      11120.0,
      0.0,
      0.0
    ],
    "perfectAfterSecond_Avg": [
      0.5338792761854445
    ],
    "perfectAfterSecond_ElementwiseAvg": 0.5338792761854445,
    "perfectAfterSecond_Same": [
      4042.0
    ],
    "perfectAfterSecond_Total": [
      7571.0
    ],
    "perfectTriplesByCommand_Dict": {
      "clean": 0.7896786757546251,
      "toggle": 0.7982885085574573,
      "put": 0.6181995133819951,
      "go to": 0.6041132152311138,
      "heat": 0.7689393939393939,
      "cool": 0.7187797902764538,
      "slice": 0.696078431372549,
      "pick up": 0.7702338129496403,
      "unknown": 0.0
    },
    "perfectProp": 0.22242768458591997,
    "countTotal": 7571,
    "scoreMode": 9
  },
  "permissive": {
    "commandsProp": 0.9309564492729445,
    "arg1Prop": 0.755431507654381,
    "arg2Prop": 0.7472390971501952,
    "commandsByIdx_Avg": [
      0.9994716682076344,
      0.9955091797648924,
      0.956544710077929,
      0.8986468559299549,
      0.8903618774632748,
      0.88089240734077,
      0.8727791878172588,
      0.7978494623655914,
      0.7353215284249767,
      0.6296656929568322
    ],
    "commandsByIdx_ElementwiseAvg": 0.9078632746658304,
    "commandsByIdx_Same": [
      7567.0,
      7537.0,
      7242.0,
      6774.0,
      4970.0,
      4896.0,
      2751.0,
      1855.0,
      789.0,
      1940.0
    ],
    "commandsByIdx_Total": [
      7571.0,
      7571.0,
      7571.0,
      7538.0,
      5582.0,
      5558.0,
      3152.0,
      2325.0,
      1073.0,
      3081.0
    ],
    "arg1ByIdx_Avg": [
      0.43243957205124817,
      0.8972394663848897,
      0.8601241579712059,
      0.8861767046962059,
      0.6056968828376926,
      0.8062252608852105,
      0.6395939086294417,
      0.8253763440860215,
      0.5591798695246971,
      0.6445959104186952
    ],
    "arg1ByIdx_ElementwiseAvg": 0.7377601818823253,
    "arg1ByIdx_Same": [
      3274.0,
      6793.0,
      6512.0,
      6680.0,
      3381.0,
      4481.0,
      2016.0,
      1919.0,
      600.0,
      1986.0
    ],
    "arg1ByIdx_Total": [
      7571.0,
      7571.0,
      7571.0,
      7538.0,
      5582.0,
      5558.0,
      3152.0,
      2325.0,
      1073.0,
      3081.0
    ],
    "arg2ByIdx_Avg": [
      0.0,
      0.0,
      0.010638297872340425,
      0.7694944301628106,
      0.011494252873563218,
      0.6266021076616348,
      0.7291897891231964,
      0.8264525993883792,
      0.013157894736842105,
      0.43790849673202614
    ],
    "arg2ByIdx_ElementwiseAvg": 0.6512276283838475,
    "arg2ByIdx_Same": [
      0.0,
      0.0,
      1.0,
      2694.0,
      4.0,
      2200.0,
      657.0,
      1081.0,
      1.0,
      603.0
    ],
    "arg2ByIdx_Total": [
      0.0,
      3.0,
      94.0,
      3501.0,
      348.0,
      3511.0,
      901.0,
      1308.0,
      76.0,
      1377.0
    ],
    "perfectTriples_Avg": [
      0.4321754061550654,
      0.8971073834367983,
      0.8399154669132215,
      0.7995489519766517,
      0.6005016123253314,
      0.6856783015473191,
      0.6075507614213198,
      0.7148387096774194,
      0.5340167753960857,
      0.5342421291788381
    ],
    "perfectTriples_ElementwiseAvg": 0.6939947473638822,
    "perfectTriples_Same": [
      3272.0,
      6792.0,
      6359.0,
      6027.0,
      3352.0,
      3811.0,
      1915.0,
      1662.0,
      573.0,
      1646.0
    ],
    "perfectTriples_Total": [
      7571.0,
      7571.0,
      7571.0,
      7538.0,
      5582.0,
      5558.0,
      3152.0,
      2325.0,
      1073.0,
      3081.0
    ],
    "perfectTriplesByCommand_Avg": [
      0.815968841285297,
      0.9425427872860636,
      0.6563503649635036,
      0.6279372836489513,
      0.7689393939393939,
      0.7225929456625357,
      0.696078431372549,
      0.8350719424460432,
      0.0,
      0.0
    ],
    "perfectTriplesByCommand_ElementwiseAvg": 0.6939947473638822,
    "perfectTriplesByCommand_Same": [
      838.0,
      771.0,
      6744.0,
      15419.0,
      812.0,
      758.0,
      781.0,
      9286.0,
      0.0,
      0.0
    ],
    "perfectTriplesByCommand_Total": [
      1027.0,
      818.0,
      10275.0,
      24555.0,
      1056.0,
      1049.0,
      1122.0,
      11120.0,
      0.0,
      0.0
    ],
    "perfectAfterSecond_Avg": [
      0.5819574692907146
    ],
    "perfectAfterSecond_ElementwiseAvg": 0.5819574692907146,
    "perfectAfterSecond_Same": [
      4406.0
    ],
    "perfectAfterSecond_Total": [
      7571.0
    ],