{
  "exact": {
    "commandsProp": 0.9100910945854176,
    "arg1Prop": 0.6910294712410252,
    "arg2Prop": 0.7025803054239074,
    "commandsByIdx_Avg": [
      0.9991167638226461,
      0.9968203497615262,
      0.9365836424659955,
      0.8725594604188853,
      0.854042451705223,
      0.8330538922155689,
      0.8232518232518232,
      0.7262113251605371,
      0.6148648648648649,
      0.4697855750487329
    ],
    "commandsByIdx_ElementwiseAvg": 0.8767087068030988,
    "commandsByIdx_Same": [
      5656.0,
      5643.0,
      5302.0,
      4916.0,
      3581.0,
      3478.0,
      1919.0,
      1244.0,
      455.0,
      964.0
    ],
    "commandsByIdx_Total": [
      5661.0,
      5661.0,
      5661.0,
      5634.0,
      4193.0,
      4175.0,
      2331.0,
      1713.0,
      740.0,
      2052.0
    ],
    "arg1ByIdx_Avg": [
      0.35400105988341285,
      0.8048048048048048,
      0.8168168168168168,
      0.8260560880369187,
      0.5554495587884569,
      0.7053892215568862,
      0.6134706134706135,
      0.7454757734967893,
      0.4027027027027027,
      0.5048732943469786
    ],
    "arg1ByIdx_ElementwiseAvg": 0.6650538060865656,
    "arg1ByIdx_Same": [
      2004.0,
      4556.0,
      4624.0,
      4654.0,
      2329.0,
      2945.0,
      1430.0,
      1277.0,
      298.0,
      1036.0
    ],
    "arg1ByIdx_Total": [
      5661.0,
      5661.0,
      5661.0,
      5634.0,
      4193.0,
      4175.0,
      2331.0,
      1713.0,
      740.0,
      2052.0
    ],
    "arg2ByIdx_Avg": [
      0.0,
      0.0,
      0.0,
      0.7279035792549307,
      0.03608247422680412,
      0.5914274478961856,
      0.6944444444444444,
      0.7622309197651663,
      0.014084507042253521,
      0.30149253731343284
    ],
    "arg2ByIdx_ElementwiseAvg": 0.5938378631677601,
    "arg2ByIdx_Same": [
      0.0,
      0.0,
      0.0,
      1993.0,
      14.0,
      1504.0,
      475.0,
      779.0,
      1.0,
      303.0
    ],
    "arg2ByIdx_Total": [
      0.0,
      0.0,
      85.0,
      2738.0,
      388.0,
      2543.0,
      684.0,
      1022.0,
      71.0,
      1005.0
    ],
    "perfectTriples_Avg": [
      0.3536477654124713,
      0.8048048048048048,
      0.7820173114290762,
      0.7284345047923323,
      0.5492487479131887,
      0.6301796407185629,
      0.5684255684255685,
      0.6123759486281378,
      0.38513513513513514,
      0.3937621832358674
    ],
    "perfectTriples_ElementwiseAvg": 0.6210835250257793,
    "perfectTriples_Same": [
      2002.0,
      4556.0,
      4427.0,
      4104.0,
      2303.0,
      2631.0,
      1325.0,
      1049.0,
      285.0,
      808.0
    ],
    "perfectTriples_Total": [
      5661.0,
      5661.0,
      5661.0,
      5634.0,
      4193.0,
      4175.0,
      2331.0,
      1713.0,
      740.0,
      2052.0
    ],
    "perfectTriplesByCommand_Avg": [
      0.7536231884057971,
      0.7884940778341794,
      0.5997647981183849,
      0.5574880290604877,
      0.7023959646910467,
      0.6201743462017435,
      0.5588615782664942,
      0.7543478260869565,
      0.0,
      0.0
    ],
    "perfectTriplesByCommand_ElementwiseAvg": 0.6210835250257793,
    "perfectTriplesByCommand_Same": [
      572.0,
      466.0,
      4590.0,
      10129.0,
      557.0,
      498.0,
      432.0,
      6246.0,
      0.0,
      0.0
    ],
    "perfectTriplesByCommand_Total": [
      759.0,
      591.0,
      7653.0,
      18169.0,
      793.0,
      803.0,
      773.0,
      8280.0,
      0.0,
      0.0
    ],
    "perfectAfterSecond_Avg": [
      0.5225225225225225
    ],
    "perfectAfterSecond_ElementwiseAvg": 0.5225225225225225,
    "perfectAfterSecond_Same": [
      2958.0
    ],
    "perfectAfterSecond_Total": [
      5661.0
    ],
    "perfectTriplesByCommand_Dict": {
      "clean": 0.7536231884057971,
      "toggle": 0.7884940778341794,
      "put": 0.5997647981183849,
      "go to": 0.5574880290604877,
      "heat": 0.7023959646910467,
      "cool": 0.6201743462017435,
      "slice": 0.5588615782664942,
      "pick up": 0.7543478260869565,
      "unknown": 0.0
    },
    "perfectProp": 0.1997880233174351,
    "countTotal": 5661,
    "scoreMode": 9
  },
  "permissive": {
    "commandsProp": 0.9100910945854176,
    "arg1Prop": 0.7284497714838244,
    "arg2Prop": 0.716140073723012,
    "commandsByIdx_Avg": [
      0.9991167638226461,
      0.9968203497615262,
      0.9365836424659955,
      0.8725594604188853,
      0.854042451705223,
      0.8330538922155689,
      0.8232518232518232,
      0.7262113251605371,
      0.6148648648648649,
      0.4697855750487329
    ],
    "commandsByIdx_ElementwiseAvg": 0.8767087068030988,
    "commandsByIdx_Same": [
      5656.0,
      5643.0,
      5302.0,
      4916.0,
      3581.0,
      3478.0,
      1919.0,
      1244.0,
      455.0,
      964.0
    ],
    "commandsByIdx_Total": [
      5661.0,
      5661.0,
      5661.0,
      5634.0,
      4193.0,
      4175.0,
      2331.0,
      1713.0,
      740.0,
      2052.0
    ],
    "arg1ByIdx_Avg": [
      0.39462992404168873,
      0.8844727080021197,
      0.8411941353117823,
      0.8631522896698616,
      0.5800143095635583,
      0.7611976047904192,
      0.6186186186186187,
      0.7647402218330415,
      0.40675675675675677,
      0.5092592592592593
    ],
    "arg1ByIdx_ElementwiseAvg": 0.7026255255017054,
    "arg1ByIdx_Same": [
      2234.0,
      5007.0,
      4762.0,
      4863.0,
      2432.0,
      3178.0,
      1442.0,
      1310.0,
      301.0,
      1045.0
    ],
    "arg1ByIdx_Total": [
      5661.0,
      5661.0,
      5661.0,
      5634.0,
      4193.0,
      4175.0,
      2331.0,
      1713.0,
      740.0,
      2052.0
    ],
    "arg2ByIdx_Avg": [
      0.0,
      0.0,
      0.0,
      0.7388604821037253,
      0.03608247422680412,
      0.6000786472670074,
      0.7251461988304093,
      0.7720156555772995,
      0.014084507042253521,
      0.31343283582089554
    ],
    "arg2ByIdx_ElementwiseAvg": 0.604967197750703,
    "arg2ByIdx_Same": [
      0.0,
      0.0,
      0.0,
      2023.0,
      14.0,
      1526.0,
      496.0,
      789.0,
      1.0,
      315.0
    ],
    "arg2ByIdx_Total": [
      0.0,
      0.0,
      85.0,
      2738.0,
      388.0,
      2543.0,
      684.0,
      1022.0,
      71.0,
      1005.0
    ],
    "perfectTriples_Avg": [
      0.3942766295707472,
      0.8844727080021197,
      0.8053347465112171,
      0.7651757188498403,
      0.5649892678273313,
      0.6608383233532934,
      0.5804375804375804,
      0.6339754816112084,
      0.3891891891891892,
      0.4039961013645224
    ],
    "perfectTriples_ElementwiseAvg": 0.6555352846302319,
    "perfectTriples_Same": [
      2232.0,
      5007.0,
      4559.0,
      4311.0,
      2369.0,
      2759.0,
      1353.0,
      1086.0,
      288.0,
      829.0
    ],
    "perfectTriples_Total": [
      5661.0,
      5661.0,
      5661.0,
      5634.0,
      4193.0,
      4175.0,
      2331.0,
      1713.0,
      740.0,
      2052.0
    ],
    "perfectTriplesByCommand_Avg": [
      0.7786561264822134,
      0.9526226734348562,
      0.6304717104403502,
      0.5831361109582256,
      0.7023959646910467,
      0.6201743462017435,
      0.5588615782664942,
      0.8130434782608695,
      0.0,
      0.0
    ],
    "perfectTriplesByCommand_ElementwiseAvg": 0.6555352846302319,
    "perfectTriplesByCommand_Same": [
      591.0,
      563.0,
      4825.0,
      10595.0,
      557.0,
      498.0,
      432.0,
      6732.0,
      0.0,
      0.0
    ],
    "perfectTriplesByCommand_Total": [
      759.0,
      591.0,
      7653.0,
      18169.0,
      793.0,
      803.0,
      773.0,
      8280.0,
      0.0,
      0.0
    ],
    "perfectAfterSecond_Avg": [
      0.564211270093623
    ],
    "perfectAfterSecond_ElementwiseAvg": 0.564211270093623,
    "perfectAfterSecond_Same": [
      3194.0
    ],
    "perfectAfterSecond_Total": [
      5661.0
    ],
    "perfectTriplesByCommand_Dict": {
      "clean": 0.7786561264822134,