{
  "exact": {
    "commandsProp": 0.9098350225285192,
    "arg1Prop": 0.667312161662004,
    "arg2Prop": 0.6683898973954222,
    "commandsByIdx_Avg": [
      0.9991167638226461,
      0.9950538774068186,
      0.9531884826002474,
      0.859602413915513,
      0.8559503935129978,
      0.829940119760479,
      0.8305448305448305,
      0.7384705195563339,
      0.7378378378378379,
      0.5823586744639376
    ],
    "commandsByIdx_ElementwiseAvg": 0.8863858702837049,
    "commandsByIdx_Same": [
      5656.0,
      5633.0,
      5396.0,
      4843.0,
      3589.0,
      3465.0,
      1936.0,
      1265.0,
      546.0,
      1195.0
    ],
    "commandsByIdx_Total": [
      5661.0,
      5661.0,
      5661.0,
      5634.0,
      4193.0,
      4175.0,
      2331.0,
      1713.0,
      740.0,
      2052.0
    ],
    "arg1ByIdx_Avg": [
      0.3174350821409645,
      0.7784843667196608,
      0.7779544250132485,
      0.8191338303159389,
      0.5308848080133556,
      0.6795209580838323,
      0.5748605748605748,
      0.7688266199649737,
      0.5256756756756756,
      0.6262183235867447
    ],
    "arg1ByIdx_ElementwiseAvg": 0.6508817852515798,
    "arg1ByIdx_Same": [
      1797.0,
      4407.0,
      4404.0,
      4615.0,
      2226.0,
      2837.0,
      1340.0,
      1317.0,
      389.0,
      1285.0
    ],
    "arg1ByIdx_Total": [
      5661.0,
      5661.0,
      5661.0,
      5634.0,
      4193.0,
      4175.0,
      2331.0,
      1713.0,
      740.0,
      2052.0
    ],
    "arg2ByIdx_Avg": [
      0.0,
      0.0,
      0.0,
      0.6806784660766961,
      0.01597444089456869,
      0.5553030303030303,
      0.6470588235294118,
      0.6686046511627907,
      0.038461538461538464,
      0.3872340425531915
    ],
    "arg2ByIdx_ElementwiseAvg": 0.5708185053380783,
    "arg2ByIdx_Same": [
      0.0,
      0.0,
      0.0,
      1846.0,
      5.0,
      1466.0,
      440.0,
      690.0,
      1.0,
      364.0
    ],
    "arg2ByIdx_Total": [
      0.0,
      0.0,
      87.0,
      2712.0,
      313.0,
      2640.0,
      680.0,
      1032.0,
      26.0,
      940.0
    ],
    "perfectTriples_Avg": [
      0.317081787670023,
      0.7784843667196608,
      0.7597597597597597,
      0.6977280795172169,
      0.5258764607679466,
      0.5870658682634731,
      0.5280995280995281,
      0.6065382370110917,
      0.4972972972972973,
      0.48927875243664715
    ],
    "perfectTriples_ElementwiseAvg": 0.601041749292721,
    "perfectTriples_Same": [
      1795.0,
      4407.0,
      4301.0,
      3931.0,
      2205.0,
      2451.0,
      1231.0,
      1039.0,
      368.0,
      1004.0
    ],
    "perfectTriples_Total": [
      5661.0,
      5661.0,
      5661.0,
      5634.0,
      4193.0,
      4175.0,
      2331.0,
      1713.0,
      740.0,
      2052.0
    ],
    "perfectTriplesByCommand_Avg": [
      0.7285902503293807,
      0.7631133671742809,
      0.5593884751078009,
      0.5377290990148055,
      0.691046658259773,
      0.6326276463262764,
      0.6830530401034929,
      0.7358695652173913,
      0.0,
      0.0
    ],
    "perfectTriplesByCommand_ElementwiseAvg": 0.601041749292721,
    "perfectTriplesByCommand_Same": [
      553.0,
      451.0,
      4281.0,
      9770.0,
      548.0,
      508.0,
      528.0,
      6093.0,
      0.0,
      0.0
    ],
    "perfectTriplesByCommand_Total": [
      759.0,
      591.0,
      7653.0,
      18169.0,
      793.0,
      803.0,
      773.0,
      8280.0,
      0.0,
      0.0
    ],
    "perfectAfterSecond_Avg": [
      0.4792439498321851
    ],
    "perfectAfterSecond_ElementwiseAvg": 0.4792439498321851,
    "perfectAfterSecond_Same": [
      2713.0
    ],
    "perfectAfterSecond_Total": [
      5661.0
    ],
    "perfectTriplesByCommand_Dict": {
      "clean": 0.7285902503293807,
      "toggle": 0.7631133671742809,
      "put": 0.5593884751078009,
      "go to": 0.5377290990148055,
      "heat": 0.691046658259773,
      "cool": 0.6326276463262764,
      "slice": 0.6830530401034929,
      "pick up": 0.7358695652173913,
      "unknown": 0.0
    },
    "perfectProp": 0.16481187069422362,
    "countTotal": 5661,
    "scoreMode": 9
  },
  "permissive": {
    "commandsProp": 0.9098350225285192,
    "arg1Prop": 0.7082459512026044,
    "arg2Prop": 0.6872336227308602,
    "commandsByIdx_Avg": [
      0.9991167638226461,
      0.9950538774068186,
      0.9531884826002474,
      0.859602413915513,
      0.8559503935129978,
      0.829940119760479,
      0.8305448305448305,
      0.7384705195563339,
      0.7378378378378379,
      0.5823586744639376
    ],
    "commandsByIdx_ElementwiseAvg": 0.8863858702837049,
    "commandsByIdx_Same": [
      5656.0,
      5633.0,
      5396.0,
      4843.0,
      3589.0,
      3465.0,
      1936.0,
      1265.0,
      546.0,
      1195.0
    ],
    "commandsByIdx_Total": [
      5661.0,
      5661.0,
      5661.0,
      5634.0,
      4193.0,
      4175.0,
      2331.0,
      1713.0,
      740.0,
      2052.0
    ],
    "arg1ByIdx_Avg": [
      0.3610669493022434,
      0.8593888005652711,
      0.8071012188659248,
      0.8590699325523606,
      0.5530646315287384,
      0.7429940119760479,
      0.586014586014586,
      0.791009924109749,
      0.5283783783783784,
      0.6320662768031189
    ],
    "arg1ByIdx_ElementwiseAvg": 0.6913619417783771,
    "arg1ByIdx_Same": [
      2044.0,
      4865.0,
      4569.0,
      4840.0,
      2319.0,
      3102.0,
      1366.0,
      1355.0,
      391.0,
      1297.0
    ],
    "arg1ByIdx_Total": [
      5661.0,
      5661.0,
      5661.0,
      5634.0,
      4193.0,
      4175.0,
      2331.0,
      1713.0,
      740.0,
      2052.0
    ],
    "arg2ByIdx_Avg": [
      0.0,
      0.0,
      0.0,
      0.700589970501475,
      0.01597444089456869,
      0.5659090909090909,
      0.675,
      0.688953488372093,
      0.038461538461538464,
      0.4021276595744681
    ],
    "arg2ByIdx_ElementwiseAvg": 0.5869513641755635,
    "arg2ByIdx_Same": [
      0.0,
      0.0,
      0.0,
      1900.0,
      5.0,
      1494.0,
      459.0,
      711.0,
      1.0,
      378.0
    ],
    "arg2ByIdx_Total": [
      0.0,
      0.0,
      87.0,
      2712.0,
      313.0,
      2640.0,
      680.0,
      1032.0,
      26.0,
      940.0
    ],
    "perfectTriples_Avg": [
      0.3607136548313019,
      0.8593888005652711,
      0.7878466701996114,
      0.7417465388711395,
      0.5428094443119484,
      0.6189221556886227,
      0.546975546975547,
      0.637478108581436,
      0.5,
      0.5014619883040936
    ],
    "perfectTriples_ElementwiseAvg": 0.6391158351180561,
    "perfectTriples_Same": [
      2042.0,
      4865.0,
      4460.0,
      4179.0,
      2276.0,
      2584.0,
      1275.0,
      1092.0,
      370.0,
      1029.0
    ],
    "perfectTriples_Total": [
      5661.0,
      5661.0,
      5661.0,
      5634.0,
      4193.0,
      4175.0,
      2331.0,
      1713.0,
      740.0,
      2052.0
    ],
    "perfectTriplesByCommand_Avg": [
      0.7536231884057971,
      0.9255499153976311,
      0.5976741147262511,
      0.5670647806703726,
      0.691046658259773,
      0.6338729763387297,
      0.6830530401034929,
      0.7960144927536232,
      0.0,
      0.0
    ],
    "perfectTriplesByCommand_ElementwiseAvg": 0.6391158351180561,
    "perfectTriplesByCommand_Same": [
      572.0,
      547.0,
      4574.0,
      10303.0,
      548.0,
      509.0,
      528.0,
      6591.0,
      0.0,
      0.0
    ],
    "perfectTriplesByCommand_Total": [
      759.0,
      591.0,
      7653.0,
      18169.0,
      793.0,
      803.0,
      773.0,
      8280.0,
      0.0,
      0.0
    ],
    "perfectAfterSecond_Avg": [
      0.5287051757639993
    ],
    "perfectAfterSecond_ElementwiseAvg": 0.5287051757639993,
    "perfectAfterSecond_Same": [
      2993.0
    ],
    "perfectAfterSecond_Total": [
      5661.0
    ],
    "perfectTriplesByCommand_Dict": {
      "clean": 0.7536231884057971,
      "toggle": 0.9255499153976311,
      "put": 0.5976741147262511,