{
  "exact": {
    "commandsProp": 0.9106739325263563,
    "arg1Prop": 0.6923381743041135,
    "arg2Prop": 0.6980165778567199,
    "commandsByIdx_Avg": [
      0.9991167638226461,
      0.9961137608196432,
      0.9415297650591768,
      0.8780617678381256,
      0.8476031481039829,
      0.8297005988023952,
      0.8425568425568426,
      0.7361354349095155,
      0.6932432432432433,
      0.4727095516569201
    ],
    "commandsByIdx_ElementwiseAvg": 0.8804103540361174,
    "commandsByIdx_Same": [
      5656.0,
      5639.0,
      5330.0,
      4947.0,
      3554.0,
      3464.0,
      1964.0,
      1261.0,
      513.0,
      970.0
    ],
    "commandsByIdx_Total": [
      5661.0,
      5661.0,
      5661.0,
      5634.0,
      4193.0,
      4175.0,
      2331.0,
      1713.0,
      740.0,
      2052.0
    ],
    "arg1ByIdx_Avg": [
      0.3663663663663664,
      0.8005652711535064,
      0.8184066419360537,
      0.8242811501597445,
      0.551872167898879,
      0.6994011976047905,
      0.6173316173316173,
      0.7746643315820199,
      0.4243243243243243,
      0.5375243664717348
    ],
    "arg1ByIdx_ElementwiseAvg": 0.6689405356812352,
    "arg1ByIdx_Same": [
      2074.0,
      4532.0,
      4633.0,
      4644.0,
      2314.0,
      2920.0,
      1439.0,
      1327.0,
      314.0,
      1103.0
    ],
    "arg1ByIdx_Total": [
      5661.0,
      5661.0,
      5661.0,
      5634.0,
      4193.0,
      4175.0,
      2331.0,
      1713.0,
      740.0,
      2052.0
    ],
    "arg2ByIdx_Avg": [
      0.0,
      0.0,
      0.0392156862745098,
      0.7244785949506037,
      0.02544529262086514,
      0.5830733229329174,
      0.6710334788937409,
      0.7651072124756335,
      0.02857142857142857,
      0.2912142152023692
    ],
    "arg2ByIdx_ElementwiseAvg": 0.585865642100361,
    "arg2ByIdx_Same": [
      0.0,
      0.0,
      4.0,
      1980.0,
      10.0,
      1495.0,
      461.0,
      785.0,
      2.0,
      295.0
    ],
    "arg2ByIdx_Total": [
      0.0,
      1.0,
      102.0,
      2733.0,
      393.0,
      2564.0,
      687.0,
      1026.0,
      70.0,
      1013.0
    ],
    "perfectTriples_Avg": [
      0.3660130718954248,
      0.8005652711535064,
      0.7912029676735559,
      0.7314518991835286,
      0.5461483424755545,
      0.6177245508982036,
      0.5735735735735735,
      0.6199649737302977,
      0.4027027027027027,
      0.38742690058479534
    ],
    "perfectTriples_ElementwiseAvg": 0.6230665503291822,
    "perfectTriples_Same": [
      2072.0,
      4532.0,
      4479.0,
      4121.0,
      2290.0,
      2579.0,
      1337.0,
      1062.0,
      298.0,
      795.0
    ],
    "perfectTriples_Total": [
      5661.0,
      5661.0,
      5661.0,
      5634.0,
      4193.0,
      4175.0,
      2331.0,
      1713.0,
      740.0,
      2052.0
    ],
    "perfectTriplesByCommand_Avg": [
      0.7496706192358367,
      0.7868020304568528,
      0.5891807134457075,
      0.5654686554020585,
      0.7011349306431274,
      0.6127023661270237,
      0.6377749029754204,
      0.7496376811594203,
      0.0,
      0.0
    ],
    "perfectTriplesByCommand_ElementwiseAvg": 0.6230665503291822,
    "perfectTriplesByCommand_Same": [
      569.0,
      465.0,
      4509.0,
      10274.0,
      556.0,
      492.0,
      493.0,
      6207.0,
      0.0,
      0.0
    ],
    "perfectTriplesByCommand_Total": [
      759.0,
      591.0,
      7653.0,
      18169.0,
      793.0,
      803.0,
      773.0,
      8280.0,
      0.0,
      0.0
    ],
    "perfectAfterSecond_Avg": [
      0.5166931637519873
    ],
    "perfectAfterSecond_ElementwiseAvg": 0.5166931637519873,
    "perfectAfterSecond_Same": [
      2925.0
    ],
    "perfectAfterSecond_Total": [
      5661.0
    ],
    "perfectTriplesByCommand_Dict": {
      "clean": 0.7496706192358367,
      "toggle": 0.7868020304568528,
      "put": 0.5891807134457075,
      "go to": 0.5654686554020585,
      "heat": 0.7011349306431274,
      "cool": 0.6127023661270237,
      "slice": 0.6377749029754204,
      "pick up": 0.7496376811594203,
      "unknown": 0.0
    },
    "perfectProp": 0.20279102632043808,
    "countTotal": 5661,
    "scoreMode": 9
  },
  "permissive": {
    "commandsProp": 0.9106739325263563,
    "arg1Prop": 0.7309811250987684,
    "arg2Prop": 0.7112393921452534,
    "commandsByIdx_Avg": [
      0.9991167638226461,
      0.9961137608196432,
      0.9415297650591768,
      0.8780617678381256,
      0.8476031481039829,
      0.8297005988023952,
      0.8425568425568426,
      0.7361354349095155,
      0.6932432432432433,
      0.4727095516569201
    ],
    "commandsByIdx_ElementwiseAvg": 0.8804103540361174,
    "commandsByIdx_Same": [
      5656.0,
      5639.0,
      5330.0,
      4947.0,
      3554.0,
      3464.0,
      1964.0,
      1261.0,
      513.0,
      970.0
    ],
    "commandsByIdx_Total": [
      5661.0,
      5661.0,
      5661.0,
      5634.0,
      4193.0,
      4175.0,
      2331.0,
      1713.0,
      740.0,
      2052.0
    ],
    "arg1ByIdx_Avg": [
      0.4073485249955838,
      0.883589471824766,
      0.8426073131955485,
      0.8636847710330139,
      0.575482947770093,
      0.76,
      0.6224796224796225,
      0.7991827203736136,
      0.4297297297297297,
      0.5414230019493177
    ],
    "arg1ByIdx_ElementwiseAvg": 0.7080457946643399,
    "arg1ByIdx_Same": [
      2306.0,
      5002.0,
      4770.0,
      4866.0,
      2413.0,
      3173.0,
      1451.0,
      1369.0,
      318.0,
      1111.0
    ],
    "arg1ByIdx_Total": [
      5661.0,
      5661.0,
      5661.0,
      5634.0,
      4193.0,
      4175.0,
      2331.0,
      1713.0,
      740.0,
      2052.0
    ],
    "arg2ByIdx_Avg": [
      0.0,
      0.0,
      0.0392156862745098,
      0.7350896450786681,
      0.02544529262086514,
      0.5924336973478939,
      0.7001455604075691,
      0.7719298245614035,
      0.02857142857142857,
      0.30306021717670284
    ],
    "arg2ByIdx_ElementwiseAvg": 0.5965770171149144,
    "arg2ByIdx_Same": [
      0.0,
      0.0,
      4.0,
      2009.0,
      10.0,
      1519.0,
      481.0,
      792.0,
      2.0,
      307.0
    ],
    "arg2ByIdx_Total": [
      0.0,
      1.0,
      102.0,
      2733.0,
      393.0,
      2564.0,
      687.0,
      1026.0,
      70.0,
      1013.0
    ],
    "perfectTriples_Avg": [
      0.4069952305246423,
      0.883589471824766,
      0.8143437555202261,
      0.7706780262690806,
      0.5628428332935845,
      0.6510179640718563,
      0.5864435864435864,
      0.6433158201984822,
      0.4081081081081081,
      0.39717348927875246
    ],
    "perfectTriples_ElementwiseAvg": 0.6589460881520848,
    "perfectTriples_Same": [
      2304.0,
      5002.0,
      4610.0,
      4342.0,
      2360.0,
      2718.0,
      1367.0,
      1102.0,
      302.0,
      815.0
    ],
    "perfectTriples_Total": [
      5661.0,
      5661.0,
      5661.0,
      5634.0,
      4193.0,
      4175.0,
      2331.0,
      1713.0,
      740.0,
      2052.0
    ],
    "perfectTriplesByCommand_Avg": [
      0.7720685111989459,
      0.9475465313028765,
      0.6228929831438651,
      0.5913919313115746,
      0.7011349306431274,
      0.6151930261519303,
      0.6377749029754204,
      0.8117149758454106,
      0.0,
      0.0
    ],
    "perfectTriplesByCommand_ElementwiseAvg": 0.6589460881520848,
    "perfectTriplesByCommand_Same": [
      586.0,
      560.0,
      4767.0,
      10745.0,
      556.0,
      494.0,
      493.0,
      6721.0,
      0.0,
      0.0
    ],
    "perfectTriplesByCommand_Total": [
      759.0,
      591.0,
      7653.0,
      18169.0,
      793.0,
      803.0,
      773.0,
      8280.0,
      0.0,
      0.0
    ],
    "perfectAfterSecond_Avg": [
      0.560501678148737
    ],
    "perfectAfterSecond_ElementwiseAvg": 0.560501678148737,
    "perfectAfterSecond_Same": [
      3173.0
    ],
    "perfectAfterSecond_Total": [
      5661.0
    ],
    "perfectTriplesByCommand_Dict": {
      "clean": 0.7720685111989459,