{
  "exact": {
    "commandsProp": 0.9306691332233115,
    "arg1Prop": 0.7115777358295392,
    "arg2Prop": 0.7312319126545644,
    "commandsByIdx_Avg": [
      0.9991167638226461,
      0.9966437025260555,
      0.9591944886062533,
      0.8970536031238907,
      0.887431433341283,
      0.8677844311377245,
      0.8734448734448734,
      0.7962638645650905,
      0.768918918918919,
      0.6418128654970761
    ],
    "commandsByIdx_ElementwiseAvg": 0.9098648898759948,
    "commandsByIdx_Same": [
      5656.0,
      5642.0,
      5430.0,
      5054.0,
      3721.0,
      3623.0,
      2036.0,
      1364.0,
      569.0,
      1317.0
    ],
    "commandsByIdx_Total": [
      5661.0,
      5661.0,
      5661.0,
      5634.0,
      4193.0,
      4175.0,
      2331.0,
      1713.0,
      740.0,
      2052.0
    ],
    "arg1ByIdx_Avg": [
      0.3778484366719661,
      0.8074545133368662,
      0.8272390037095919,
      0.8429179978700746,
      0.5759599332220368,
      0.725748502994012,
      0.6267696267696268,
      0.8242848803269118,
      0.5648648648648649,
      0.6720272904483431
    ],
    "arg1ByIdx_ElementwiseAvg": 0.694243938552656,
    "arg1ByIdx_Same": [
      2139.0,
      4571.0,
      4683.0,
      4749.0,
      2415.0,
      3030.0,
      1461.0,
      1412.0,
      418.0,
      1379.0
    ],
    "arg1ByIdx_Total": [
      5661.0,
      5661.0,
      5661.0,
      5634.0,
      4193.0,
      4175.0,
      2331.0,
      1713.0,
      740.0,
      2052.0
    ],
    "arg2ByIdx_Avg": [
      0.0,
      0.0,
      0.031578947368421054,
      0.7477511244377811,
      0.015873015873015872,
      0.6169969512195121,
      0.6927621861152142,
      0.788746298124383,
      0.058823529411764705,
      0.43982494529540483
    ],
    "arg2ByIdx_ElementwiseAvg": 0.6391740128003864,
    "arg2ByIdx_Same": [
      0.0,
      0.0,
      3.0,
      1995.0,
      4.0,
      1619.0,
      469.0,
      799.0,
      2.0,
      402.0
    ],
    "arg2ByIdx_Total": [
      0.0,
      4.0,
      95.0,
      2668.0,
      252.0,
      2624.0,
      677.0,
      1013.0,
      34.0,
      914.0
    ],
    "perfectTriples_Avg": [
      0.3773184949655538,
      0.8072778661013955,
      0.8108108108108109,
      0.7523961661341853,
      0.5730980205103744,
      0.6462275449101796,
      0.5847275847275847,
      0.688849970811442,
      0.5445945945945946,
      0.5467836257309941
    ],
    "perfectTriples_ElementwiseAvg": 0.6531820946035272,
    "perfectTriples_Same": [
      2136.0,
      4570.0,
      4590.0,
      4239.0,
      2403.0,
      2698.0,
      1363.0,
      1180.0,
      403.0,
      1122.0
    ],
    "perfectTriples_Total": [
      5661.0,
      5661.0,
      5661.0,
      5634.0,
      4193.0,
      4175.0,
      2331.0,
      1713.0,
      740.0,
      2052.0
    ],
    "perfectTriplesByCommand_Avg": [
      0.7878787878787878,
      0.7851099830795262,
      0.6218476414477982,
      0.594914414662337,
      0.7717528373266078,
      0.6911581569115816,
      0.6908150064683053,
      0.7696859903381642,
      0.0,
      0.0
    ],
    "perfectTriplesByCommand_ElementwiseAvg": 0.6531820946035272,
    "perfectTriplesByCommand_Same": [
      598.0,
      464.0,
      4759.0,
      10809.0,
      612.0,
      555.0,
      534.0,
      6373.0,
      0.0,
      0.0
    ],
    "perfectTriplesByCommand_Total": [
      759.0,
      591.0,
      7653.0,
      18169.0,
      793.0,
      803.0,
      773.0,
      8280.0,
      0.0,
      0.0
    ],
    "perfectAfterSecond_Avg": [
      0.5302950008832362
    ],
    "perfectAfterSecond_ElementwiseAvg": 0.5302950008832362,
    "perfectAfterSecond_Same": [
      3002.0
    ],
    "perfectAfterSecond_Total": [
      5661.0
    ],
    "perfectTriplesByCommand_Dict": {
      "clean": 0.7878787878787878,
      "toggle": 0.7851099830795262,
      "put": 0.6218476414477982,
      "go to": 0.594914414662337,
      "heat": 0.7717528373266078,
      "cool": 0.6911581569115816,
      "slice": 0.6908150064683053,
      "pick up": 0.7696859903381642,
      "unknown": 0.0
    },
    "perfectProp": 0.21444974386150856,
    "countTotal": 5661,
    "scoreMode": 9
  },
  "permissive": {
    "commandsProp": 0.9306691332233115,
    "arg1Prop": 0.750560827031413,
    "arg2Prop": 0.7444192317811101,
    "commandsByIdx_Avg": [
      0.9991167638226461,
      0.9966437025260555,
      0.9591944886062533,
      0.8970536031238907,
      0.887431433341283,
      0.8677844311377245,
      0.8734448734448734,
      0.7962638645650905,
      0.768918918918919,
      0.6418128654970761
    ],
    "commandsByIdx_ElementwiseAvg": 0.9098648898759948,
    "commandsByIdx_Same": [
      5656.0,
      5642.0,
      5430.0,
      5054.0,
      3721.0,
      3623.0,
      2036.0,
      1364.0,
      569.0,
      1317.0
    ],
    "commandsByIdx_Total": [
      5661.0,
      5661.0,
      5661.0,
      5634.0,
      4193.0,
      4175.0,
      2331.0,
      1713.0,
      740.0,
      2052.0
    ],
    "arg1ByIdx_Avg": [
      0.41812400635930047,
      0.8890655361243597,
      0.8516163222045575,
      0.8830315938942137,
      0.5948008585738135,
      0.7983233532934132,
      0.6323466323466324,
      0.8476357267950964,
      0.5662162162162162,
      0.6769005847953217
    ],
    "arg1ByIdx_ElementwiseAvg": 0.7339044446207134,
    "arg1ByIdx_Same": [
      2367.0,
      5033.0,
      4821.0,
      4975.0,
      2494.0,
      3333.0,
      1474.0,
      1452.0,
      419.0,
      1389.0
    ],
    "arg1ByIdx_Total": [
      5661.0,
      5661.0,
      5661.0,
      5634.0,
      4193.0,
      4175.0,
      2331.0,
      1713.0,
      740.0,
      2052.0
    ],
    "arg2ByIdx_Avg": [
      0.0,
      0.0,
      0.031578947368421054,
      0.7578710644677661,
      0.015873015873015872,
      0.6261432926829268,
      0.725258493353028,
      0.7966436327739388,
      0.058823529411764705,
      0.45185995623632386
    ],
    "arg2ByIdx_ElementwiseAvg": 0.6502837821519141,
    "arg2ByIdx_Same": [
      0.0,
      0.0,
      3.0,
      2022.0,
      4.0,
      1643.0,
      491.0,
      807.0,
      2.0,
      413.0
    ],
    "arg2ByIdx_Total": [
      0.0,
      4.0,
      95.0,
      2668.0,
      252.0,
      2624.0,
      677.0,
      1013.0,
      34.0,
      914.0
    ],
    "perfectTriples_Avg": [
      0.4175940646528882,
      0.8887122416534181,
      0.8341282458929518,
      0.791089811856585,
      0.5895540186024326,
      0.682874251497006,
      0.5984555984555985,
      0.7110332749562172,
      0.5459459459459459,
      0.5565302144249513
    ],
    "perfectTriples_ElementwiseAvg": 0.6889294307395363,
    "perfectTriples_Same": [
      2364.0,
      5031.0,
      4722.0,
      4457.0,
      2472.0,
      2851.0,
      1395.0,
      1218.0,
      404.0,
      1142.0
    ],
    "perfectTriples_Total": [
      5661.0,
      5661.0,
      5661.0,
      5634.0,
      4193.0,
      4175.0,
      2331.0,
      1713.0,
      740.0,
      2052.0
    ],
    "perfectTriplesByCommand_Avg": [
      0.8102766798418972,
      0.9509306260575296,
      0.6555599111459558,
      0.6210578457812758,
      0.7717528373266078,
      0.6936488169364882,
      0.6908150064683053,
      0.8303140096618358,
      0.0,
      0.0
    ],
    "perfectTriplesByCommand_ElementwiseAvg": 0.6889294307395363,
    "perfectTriplesByCommand_Same": [
      615.0,
      562.0,
      5017.0,
      11284.0,
      612.0,
      557.0,
      534.0,
      6875.0,
      0.0,
      0.0
    ],
    "perfectTriplesByCommand_Total": [
      759.0,
      591.0,
      7653.0,
      18169.0,
      793.0,
      803.0,
      773.0,
      8280.0,
      0.0,
      0.0
    ],
    "perfectAfterSecond_Avg": [
      0.575516693163752
    ],
    "perfectAfterSecond_ElementwiseAvg": 0.575516693163752,
    "perfectAfterSecond_Same": [
      3258.0
    ],
    "perfectAfterSecond_Total": [
      5661.0
    ],
    "perfectTriplesByCommand_Dict": {
      "clean": 0.8102766798418972,