{
  "exact": {
    "commandsProp": 0.9009053575617019,
    "arg1Prop": 0.6456130883633441,
    "arg2Prop": 0.6389349384908887,
    "commandsByIdx_Avg": [
      0.9991167638226461,
      0.9952305246422893,
      0.9561914856032503,
      0.8500177493787717,
      0.8452182208442642,
      0.8098203592814371,
      0.7927927927927928,
      0.691768826619965,
      0.7067567567567568,
      0.5209551656920078
    ],
    "commandsByIdx_ElementwiseAvg": 0.873641627667169,
    "commandsByIdx_Same": [
      5656.0,
      5634.0,
      5413.0,
      4789.0,
      3544.0,
      3381.0,
      1848.0,
      1185.0,
      523.0,
      1069.0
    ],
    "commandsByIdx_Total": [
      5661.0,
      5661.0,
      5661.0,
      5634.0,
      4193.0,
      4175.0,
      2331.0,
      1713.0,
      740.0,
      2052.0
    ],
    "arg1ByIdx_Avg": [
      0.2863451686981099,
      0.7724783607136548,
      0.7553435788729906,
      0.7985445509407171,
      0.5160982590031004,
      0.6699401197604791,
      0.5392535392535392,
      0.7273788674839463,
      0.48243243243243245,
      0.5730994152046783
    ],
    "arg1ByIdx_ElementwiseAvg": 0.6283810581423019,
    "arg1ByIdx_Same": [
      1621.0,
      4373.0,
      4276.0,
      4499.0,
      2164.0,
      2797.0,
      1257.0,
      1246.0,
      357.0,
      1176.0
    ],
    "arg1ByIdx_Total": [
      5661.0,
      5661.0,
      5661.0,
      5634.0,
      4193.0,
      4175.0,
      2331.0,
      1713.0,
      740.0,
      2052.0
    ],
    "arg2ByIdx_Avg": [
      0.0,
      0.0,
      0.0,
      0.6303230543318649,
      0.03426791277258567,
      0.5516334960570785,
      0.5835777126099707,
      0.6179883945841392,
      0.02857142857142857,
      0.3350676378772112
    ],
    "arg2ByIdx_ElementwiseAvg": 0.5362438220757826,
    "arg2ByIdx_Same": [
      0.0,
      0.0,
      0.0,
      1717.0,
      11.0,
      1469.0,
      398.0,
      639.0,
      1.0,
      322.0
    ],
    "arg2ByIdx_Total": [
      0.0,
      1.0,
      77.0,
      2724.0,
      321.0,
      2663.0,
      682.0,
      1034.0,
      35.0,
      961.0
    ],
    "perfectTriples_Avg": [
      0.2859918742271683,
      0.7724783607136548,
      0.7376788553259142,
      0.6696840610578629,
      0.5110899117576914,
      0.5702994011976048,
      0.4882024882024882,
      0.5580852305896089,
      0.45,
      0.4327485380116959
    ],
    "perfectTriples_ElementwiseAvg": 0.5758705481081938,
    "perfectTriples_Same": [
      1619.0,
      4373.0,
      4176.0,
      3773.0,
      2143.0,
      2381.0,
      1138.0,
      956.0,
      333.0,
      888.0
    ],
    "perfectTriples_Total": [
      5661.0,
      5661.0,
      5661.0,
      5634.0,
      4193.0,
      4175.0,
      2331.0,
      1713.0,
      740.0,
      2052.0
    ],
    "perfectTriplesByCommand_Avg": [
      0.7088274044795784,
      0.7174280879864636,
      0.5269828825297269,
      0.5098794650228411,
      0.6872635561160151,
      0.6475716064757161,
      0.6545924967658473,
      0.7185990338164251,
      0.0,
      0.0
    ],
    "perfectTriplesByCommand_ElementwiseAvg": 0.5758705481081938,
    "perfectTriplesByCommand_Same": [
      538.0,
      424.0,
      4033.0,
      9264.0,
      545.0,
      520.0,
      506.0,
      5950.0,
      0.0,
      0.0
    ],
    "perfectTriplesByCommand_Total": [
      759.0,
      591.0,
      7653.0,
      18169.0,
      793.0,
      803.0,
      773.0,
      8280.0,
      0.0,
      0.0
    ],
    "perfectAfterSecond_Avg": [
      0.45239357004062886
    ],
    "perfectAfterSecond_ElementwiseAvg": 0.45239357004062886,
    "perfectAfterSecond_Same": [
      2561.0
    ],
    "perfectAfterSecond_Total": [
      5661.0
    ],
    "perfectTriplesByCommand_Dict": {
      "clean": 0.7088274044795784,
      "toggle": 0.7174280879864636,
      "put": 0.5269828825297269,
      "go to": 0.5098794650228411,
      "heat": 0.6872635561160151,
      "cool": 0.6475716064757161,
      "slice": 0.6545924967658473,
      "pick up": 0.7185990338164251,
      "unknown": 0.0
    },
    "perfectProp": 0.1429076134958488,
    "countTotal": 5661,
    "scoreMode": 9
  },
  "permissive": {
    "commandsProp": 0.9009053575617019,
    "arg1Prop": 0.6889640420858143,
    "arg2Prop": 0.6610716400236828,
    "commandsByIdx_Avg": [
      0.9991167638226461,
      0.9952305246422893,
      0.9561914856032503,
      0.8500177493787717,
      0.8452182208442642,
      0.8098203592814371,
      0.7927927927927928,
      0.691768826619965,
      0.7067567567567568,
      0.5209551656920078
    ],
    "commandsByIdx_ElementwiseAvg": 0.873641627667169,
    "commandsByIdx_Same": [
      5656.0,
      5634.0,
      5413.0,
      4789.0,
      3544.0,
      3381.0,
      1848.0,
      1185.0,
      523.0,
      1069.0
    ],
    "commandsByIdx_Total": [
      5661.0,
      5661.0,
      5661.0,
      5634.0,
      4193.0,
      4175.0,
      2331.0,
      1713.0,
      740.0,
      2052.0
    ],
    "arg1ByIdx_Avg": [
      0.32626744391450274,
      0.8521462639109698,
      0.7929694400282635,
      0.8423855165069223,
      0.5423324588600048,
      0.7336526946107784,
      0.5516945516945517,
      0.7454757734967893,
      0.4864864864864865,
      0.5794346978557505
    ],
    "arg1ByIdx_ElementwiseAvg": 0.6703947542370641,
    "arg1ByIdx_Same": [
      1847.0,
      4824.0,
      4489.0,
      4746.0,
      2274.0,
      3063.0,
      1286.0,
      1277.0,
      360.0,
      1189.0
    ],
    "arg1ByIdx_Total": [
      5661.0,
      5661.0,
      5661.0,
      5634.0,
      4193.0,
      4175.0,
      2331.0,
      1713.0,
      740.0,
      2052.0
    ],
    "arg2ByIdx_Avg": [
      0.0,
      0.0,
      0.0,
      0.6519823788546255,
      0.03426791277258567,
      0.5655276004506196,
      0.624633431085044,
      0.6411992263056093,
      0.02857142857142857,
      0.3506763787721124
    ],
    "arg2ByIdx_ElementwiseAvg": 0.5554248058366674,
    "arg2ByIdx_Same": [
      0.0,
      0.0,
      0.0,
      1776.0,
      11.0,
      1506.0,
      426.0,
      663.0,
      1.0,
      337.0
    ],
    "arg2ByIdx_Total": [
      0.0,
      1.0,
      77.0,
      2724.0,
      321.0,
      2663.0,
      682.0,
      1034.0,
      35.0,
      961.0
    ],
    "perfectTriples_Avg": [
      0.32591414944356123,
      0.8521462639109698,
      0.7742448330683624,
      0.7177848775292864,
      0.5313617934652993,
      0.602874251497006,
      0.5105105105105106,
      0.5861062463514303,
      0.4540540540540541,
      0.44541910331384016
    ],
    "perfectTriples_ElementwiseAvg": 0.6156632558631449,
    "perfectTriples_Same": [
      1845.0,
      4824.0,
      4383.0,
      4044.0,
      2228.0,
      2517.0,
      1190.0,
      1004.0,
      336.0,
      914.0
    ],
    "perfectTriples_Total": [
      5661.0,
      5661.0,
      5661.0,
      5634.0,
      4193.0,
      4175.0,
      2331.0,
      1713.0,
      740.0,
      2052.0
    ],
    "perfectTriplesByCommand_Avg": [
      0.7325428194993412,
      0.9323181049069373,
      0.5650071867241605,
      0.5419670867961913,
      0.6872635561160151,
      0.6500622665006227,
      0.6545924967658473,
      0.7770531400966184,
      0.0,
      0.0
    ],
    "perfectTriplesByCommand_ElementwiseAvg": 0.6156632558631449,
    "perfectTriplesByCommand_Same": [
      556.0,
      551.0,
      4324.0,
      9847.0,
      545.0,
      522.0,
      506.0,
      6434.0,
      0.0,
      0.0
    ],
    "perfectTriplesByCommand_Total": [
      759.0,
      591.0,
      7653.0,
      18169.0,
      793.0,
      803.0,
      773.0,
      8280.0,
      0.0,
      0.0
    ],
    "perfectAfterSecond_Avg": [
      0.5060943296237413
    ],
    "perfectAfterSecond_ElementwiseAvg": 0.5060943296237413,
    "perfectAfterSecond_Same": [
      2865.0
    ],
    "perfectAfterSecond_Total": [
      5661.0
    ],
    "perfectTriplesByCommand_Dict": {
      "clean": 0.7325428194993412,
      "toggle": 0.9323181049069373,