{
  "exact": {
    "commandsProp": 0.9072756382095902,
    "arg1Prop": 0.6841017084309102,
    "arg2Prop": 0.6915630141493913,
    "commandsByIdx_Avg": [
      0.9991167638226461,
      0.9954071718777601,
      0.9335806394629924,
      0.8611998580049698,
      0.859050798950632,
      0.8347305389221557,
      0.8043758043758044,
      0.7197898423817863,
      0.6121621621621621,
      0.4980506822612086
    ],
    "commandsByIdx_ElementwiseAvg": 0.8751222865603765,
    "commandsByIdx_Same": [
      5656.0,
      5635.0,
      5285.0,
      4852.0,
      3602.0,
      3485.0,
      1875.0,
      1233.0,
      453.0,
      1022.0
    ],
    "commandsByIdx_Total": [
      5661.0,
      5661.0,
      5661.0,
      5634.0,
      4193.0,
      4175.0,
      2331.0,
      1713.0,
      740.0,
      2052.0
    ],
    "arg1ByIdx_Avg": [
      0.34781840664193603,
      0.8028616852146264,
      0.8030383324500971,
      0.8125665601703941,
      0.5573575005962318,
      0.7051497005988024,
      0.5898755898755899,
      0.7285464098073555,
      0.43783783783783786,
      0.530214424951267
    ],
    "arg1ByIdx_ElementwiseAvg": 0.6597921789482034,
    "arg1ByIdx_Same": [
      1969.0,
      4545.0,
      4546.0,
      4578.0,
      2337.0,
      2944.0,
      1375.0,
      1248.0,
      324.0,
      1088.0
    ],
    "arg1ByIdx_Total": [
      5661.0,
      5661.0,
      5661.0,
      5634.0,
      4193.0,
      4175.0,
      2331.0,
      1713.0,
      740.0,
      2052.0
    ],
    "arg2ByIdx_Avg": [
      0.0,
      0.0,
      0.0,
      0.7024029574861368,
      0.027624309392265192,
      0.5898422470180839,
      0.6623188405797101,
      0.7198824681684622,
      0.015151515151515152,
      0.32790224032586557
    ],
    "arg2ByIdx_ElementwiseAvg": 0.5822665883734586,
    "arg2ByIdx_Same": [
      0.0,
      0.0,
      0.0,
      1900.0,
      10.0,
      1533.0,
      457.0,
      735.0,
      1.0,
      322.0
    ],
    "arg2ByIdx_Total": [
      0.0,
      0.0,
      90.0,
      2705.0,
      362.0,
      2599.0,
      690.0,
      1021.0,
      66.0,
      982.0
    ],
    "perfectTriples_Avg": [
      0.3474651121709945,
      0.8028616852146264,
      0.7680621798268857,
      0.7103301384451545,
      0.550202718817076,
      0.619880239520958,
      0.5474045474045474,
      0.5931115002918855,
      0.41621621621621624,
      0.4244639376218324
    ],
    "perfectTriples_ElementwiseAvg": 0.6141561566325586,
    "perfectTriples_Same": [
      1967.0,
      4545.0,
      4348.0,
      4002.0,
      2307.0,
      2588.0,
      1276.0,
      1016.0,
      308.0,
      871.0
    ],
    "perfectTriples_Total": [
      5661.0,
      5661.0,
      5661.0,
      5634.0,
      4193.0,
      4175.0,
      2331.0,
      1713.0,
      740.0,
      2052.0
    ],
    "perfectTriplesByCommand_Avg": [
      0.7681159420289855,
      0.7698815566835872,
      0.5834313341173396,
      0.5517639936154989,
      0.6986128625472888,
      0.6475716064757161,
      0.5549805950840879,
      0.7484299516908213,
      0.0,
      0.0
    ],
    "perfectTriplesByCommand_ElementwiseAvg": 0.6141561566325586,
    "perfectTriplesByCommand_Same": [
      583.0,
      455.0,
      4465.0,
      10025.0,
      554.0,
      520.0,
      429.0,
      6197.0,
      0.0,
      0.0
    ],
    "perfectTriplesByCommand_Total": [
      759.0,
      591.0,
      7653.0,
      18169.0,
      793.0,
      803.0,
      773.0,
      8280.0,
      0.0,
      0.0
    ],
    "perfectAfterSecond_Avg": [
      0.5096272743331567
    ],
    "perfectAfterSecond_ElementwiseAvg": 0.5096272743331567,
    "perfectAfterSecond_Same": [
      2885.0
    ],
    "perfectAfterSecond_Total": [
      5661.0
    ],
    "perfectTriplesByCommand_Dict": {
      "clean": 0.7681159420289855,
      "toggle": 0.7698815566835872,
      "put": 0.5834313341173396,
      "go to": 0.5517639936154989,
      "heat": 0.6986128625472888,
      "cool": 0.6475716064757161,
      "slice": 0.5549805950840879,
      "pick up": 0.7484299516908213,
      "unknown": 0.0
    },
    "perfectProp": 0.19554848966613672,
    "countTotal": 5661,
    "scoreMode": 9
  },
  "permissive": {
    "commandsProp": 0.9072756382095902,
    "arg1Prop": 0.7225620241100092,
    "arg2Prop": 0.7043961829549193,
    "commandsByIdx_Avg": [
      0.9991167638226461,
      0.9954071718777601,
      0.9335806394629924,
      0.8611998580049698,
      0.859050798950632,
      0.8347305389221557,
      0.8043758043758044,
      0.7197898423817863,
      0.6121621621621621,
      0.4980506822612086
    ],
    "commandsByIdx_ElementwiseAvg": 0.8751222865603765,
    "commandsByIdx_Same": [
      5656.0,
      5635.0,
      5285.0,
      4852.0,
      3602.0,
      3485.0,
      1875.0,
      1233.0,
      453.0,
      1022.0
    ],
    "commandsByIdx_Total": [
      5661.0,
      5661.0,
      5661.0,
      5634.0,
      4193.0,
      4175.0,
      2331.0,
      1713.0,
      740.0,
      2052.0
    ],
    "arg1ByIdx_Avg": [
      0.3912736265677442,
      0.880586468821763,
      0.8272390037095919,
      0.8507277245296415,
      0.5790603386596709,
      0.7631137724550898,
      0.5963105963105964,
      0.7518972562755399,
      0.44054054054054054,
      0.5350877192982456
    ],
    "arg1ByIdx_ElementwiseAvg": 0.6978133840987811,
    "arg1ByIdx_Same": [
      2215.0,
      4985.0,
      4683.0,
      4793.0,
      2428.0,
      3186.0,
      1390.0,
      1288.0,
      326.0,
      1098.0
    ],
    "arg1ByIdx_Total": [
      5661.0,
      5661.0,
      5661.0,
      5634.0,
      4193.0,
      4175.0,
      2331.0,
      1713.0,
      740.0,
      2052.0
    ],
    "arg2ByIdx_Avg": [
      0.0,
      0.0,
      0.0,
      0.7131238447319779,
      0.027624309392265192,
      0.5979222777991535,
      0.6927536231884058,
      0.7306562193927522,
      0.015151515151515152,
      0.3391038696537678
    ],
    "arg2ByIdx_ElementwiseAvg": 0.5931884908984145,
    "arg2ByIdx_Same": [
      0.0,
      0.0,
      0.0,
      1929.0,
      10.0,
      1554.0,
      478.0,
      746.0,
      1.0,
      333.0
    ],
    "arg2ByIdx_Total": [
      0.0,
      0.0,
      90.0,
      2705.0,
      362.0,
      2599.0,
      690.0,
      1021.0,
      66.0,
      982.0
    ],
    "perfectTriples_Avg": [
      0.39092033209680266,
      0.880586468821763,
      0.7912029676735559,
      0.7483138090166844,
      0.5647507751013594,
      0.6522155688622755,
      0.5607035607035608,
      0.6182136602451839,
      0.4189189189189189,
      0.4346978557504873
    ],
    "perfectTriples_ElementwiseAvg": 0.649163163321964,
    "perfectTriples_Same": [
      2213.0,
      4985.0,
      4479.0,
      4216.0,
      2368.0,
      2723.0,
      1307.0,
      1059.0,
      310.0,
      892.0
    ],
    "perfectTriples_Total": [
      5661.0,
      5661.0,
      5661.0,
      5634.0,
      4193.0,
      4175.0,
      2331.0,
      1713.0,
      740.0,
      2052.0
    ],
    "perfectTriplesByCommand_Avg": [
      0.7971014492753623,
      0.9357021996615905,
      0.6147915849993466,
      0.5783477351532831,
      0.6986128625472888,
      0.6475716064757161,
      0.5549805950840879,
      0.8065217391304348,
      0.0,
      0.0
    ],
    "perfectTriplesByCommand_ElementwiseAvg": 0.649163163321964,
    "perfectTriplesByCommand_Same": [
      605.0,
      553.0,
      4705.0,
      10508.0,
      554.0,
      520.0,
      429.0,
      6678.0,
      0.0,
      0.0
    ],
    "perfectTriplesByCommand_Total": [
      759.0,
      591.0,
      7653.0,
      18169.0,
      793.0,
      803.0,
      773.0,
      8280.0,
      0.0,
      0.0
    ],
    "perfectAfterSecond_Avg": [
      0.5513160219042572
    ],
    "perfectAfterSecond_ElementwiseAvg": 0.5513160219042572,
    "perfectAfterSecond_Same": [
      3121.0
    ],
    "perfectAfterSecond_Total": [
      5661.0
    ],
    "perfectTriplesByCommand_Dict": {
      "clean": 0.7971014492753623,