{
  "exact": {
    "commandsProp": 0.8894324878507722,
    "arg1Prop": 0.642730809647651,
    "arg2Prop": 0.6019631054552628,
    "commandsByIdx_Avg": [
      0.9994716682076344,
      0.9932637696473385,
      0.9491480649848104,
      0.8268771557442293,
      0.8274811895378,
      0.7995681899964016,
      0.7896573604060914,
      0.6782795698924731,
      0.6821994408201305,
      0.4631613112625771
    ],
    "commandsByIdx_ElementwiseAvg": 0.8583356199286583,
    "commandsByIdx_Same": [
      7567.0,
      7520.0,
      7186.0,
      6233.0,
      4619.0,
      4444.0,
      2489.0,
      1577.0,
      732.0,
      1427.0
    ],
    "commandsByIdx_Total": [
      7571.0,
      7571.0,
      7571.0,
      7538.0,
      5582.0,
      5558.0,
      3152.0,
      2325.0,
      1073.0,
      3081.0
    ],
    "arg1ByIdx_Avg": [
      0.3679830933826443,
      0.7516840575881654,
      0.7369881109643329,
      0.79609976120987,
      0.497133643855249,
      0.6568909679740914,
      0.5152284263959391,
      0.7247311827956989,
      0.43709226467847156,
      0.5160662122687439
    ],
    "arg1ByIdx_ElementwiseAvg": 0.6242723584406421,
    "arg1ByIdx_Same": [
      2786.0,
      5691.0,
      5579.0,
      6001.0,
      2775.0,
      3651.0,
      1624.0,
      1685.0,
      469.0,
      1590.0
    ],
    "arg1ByIdx_Total": [
      7571.0,
      7571.0,
      7570.0,
      7538.0,
      5582.0,
      5558.0,
      3152.0,
      2325.0,
      1073.0,
      3081.0
    ],
    "arg2ByIdx_Avg": [
      0.0,
      0.0,
      0.0,
      0.6038961038961039,
      0.01929824561403509,
      0.5079495614035088,
      0.5500550055005501,
      0.6067924528301887,
      0.009345794392523364,
      0.28504043126684636
    ],
    "arg2ByIdx_ElementwiseAvg": 0.4910882604970009,
    "arg2ByIdx_Same": [
      0.0,
      0.0,
      0.0,
      2139.0,
      11.0,
      1853.0,
      500.0,
      804.0,
      1.0,
      423.0
    ],
    "arg2ByIdx_Total": [
      1.0,
      1.0,
      83.0,
      3542.0,
      570.0,
      3648.0,
      909.0,
      1325.0,
      107.0,
      1484.0
    ],
    "perfectTriples_Avg": [
      0.3675868445383701,
      0.7516840575881654,
      0.7136441685378417,
      0.6363756964712125,
      0.4892511644571838,
      0.5421014753508456,
      0.45843908629441626,
      0.5264516129032258,
      0.39888164026095063,
      0.3771502758844531
    ],
    "perfectTriples_ElementwiseAvg": 0.5620516639880836,
    "perfectTriples_Same": [
      2783.0,
      5691.0,
      5403.0,
      4797.0,
      2731.0,
      3013.0,
      1445.0,
      1224.0,
      428.0,
      1162.0
    ],
    "perfectTriples_Total": [
      7571.0,
      7571.0,
      7571.0,
      7538.0,
      5582.0,
      5558.0,
      3152.0,
      2325.0,
      1073.0,
      3081.0
    ],
    "perfectTriplesByCommand_Avg": [
      0.7078870496592016,
      0.6723716381418093,
      0.4840875912408759,
      0.516188149053146,
      0.603219696969697,
      0.6215443279313632,
      0.6631016042780749,
      0.6940647482014388,
      0.0,
      0.0
    ],
    "perfectTriplesByCommand_ElementwiseAvg": 0.5620516639880836,
    "perfectTriplesByCommand_Same": [
      727.0,
      550.0,
      4974.0,
      12675.0,
      637.0,
      652.0,
      744.0,
      7718.0,
      0.0,
      0.0
    ],
    "perfectTriplesByCommand_Total": [
      1027.0,
      818.0,
      10275.0,
      24555.0,
      1056.0,
      1049.0,
      1122.0,
      11120.0,
      0.0,
      0.0
    ],
    "perfectAfterSecond_Avg": [
      0.42504292695812973
    ],
    "perfectAfterSecond_ElementwiseAvg": 0.42504292695812973,
    "perfectAfterSecond_Same": [
      3218.0
    ],
    "perfectAfterSecond_Total": [
      7571.0
    ],
    "perfectTriplesByCommand_Dict": {
      "clean": 0.7078870496592016,
      "toggle": 0.6723716381418093,
      "put": 0.4840875912408759,
      "go to": 0.516188149053146,
      "heat": 0.603219696969697,
      "cool": 0.6215443279313632,
      "slice": 0.6631016042780749,
      "pick up": 0.6940647482014388,
      "unknown": 0.0
    },
    "perfectProp": 0.16497160216616036,
    "countTotal": 7571,
    "scoreMode": 9
  },
  "permissive": {
    "commandsProp": 0.8894324878507722,
    "arg1Prop": 0.6888379336317503,
    "arg2Prop": 0.6172536253329386,
    "commandsByIdx_Avg": [
      0.9994716682076344,
      0.9932637696473385,
      0.9491480649848104,
      0.8268771557442293,
      0.8274811895378,
      0.7995681899964016,
      0.7896573604060914,
      0.6782795698924731,
      0.6821994408201305,
      0.4631613112625771
    ],
    "commandsByIdx_ElementwiseAvg": 0.8583356199286583,
    "commandsByIdx_Same": [
      7567.0,
      7520.0,
      7186.0,
      6233.0,
      4619.0,
      4444.0,
      2489.0,
      1577.0,
      732.0,
      1427.0
    ],
    "commandsByIdx_Total": [
      7571.0,
      7571.0,
      7571.0,
      7538.0,
      5582.0,
      5558.0,
      3152.0,
      2325.0,
      1073.0,
      3081.0
    ],
    "arg1ByIdx_Avg": [
      0.41579712059173163,
      0.8434817065116893,
      0.7702774108322324,
      0.8487662509949588,
      0.5145109279828018,
      0.7234616768621807,
      0.5260152284263959,
      0.7440860215053764,
      0.43709226467847156,
      0.5189873417721519
    ],
    "arg1ByIdx_ElementwiseAvg": 0.6685874443856451,
    "arg1ByIdx_Same": [
      3148.0,
      6386.0,
      5831.0,
      6398.0,
      2872.0,
      4021.0,
      1658.0,
      1730.0,
      469.0,
      1599.0
    ],
    "arg1ByIdx_Total": [
      7571.0,
      7571.0,
      7570.0,
      7538.0,
      5582.0,
      5558.0,
      3152.0,
      2325.0,
      1073.0,
      3081.0
    ],
    "arg2ByIdx_Avg": [
      0.0,
      0.0,
      0.0,
      0.6168831168831169,
      0.01929824561403509,
      0.5180921052631579,
      0.5896589658965896,
      0.6241509433962265,
      0.009345794392523364,
      0.29110512129380056
    ],
    "arg2ByIdx_ElementwiseAvg": 0.5040274207369323,
    "arg2ByIdx_Same": [
      0.0,
      0.0,
      0.0,
      2185.0,
      11.0,
      1890.0,
      536.0,
      827.0,
      1.0,
      432.0
    ],
    "arg2ByIdx_Total": [
      1.0,
      1.0,
      83.0,
      3542.0,
      570.0,
      3648.0,
      909.0,
      1325.0,
      107.0,
      1484.0
    ],
    "perfectTriples_Avg": [
      0.415268788799366,
      0.8434817065116893,
      0.7461365737683265,
      0.6865216237728841,
      0.5034037979218918,
      0.5768261964735516,
      0.48001269035532995,
      0.5505376344086022,
      0.39888164026095063,
      0.38299253489126905
    ],
    "perfectTriples_ElementwiseAvg": 0.6030927835051546,
    "perfectTriples_Same": [
      3144.0,
      6386.0,
      5649.0,
      5175.0,
      2810.0,
      3206.0,
      1513.0,
      1280.0,
      428.0,
      1180.0
    ],
    "perfectTriples_Total": [
      7571.0,
      7571.0,
      7571.0,
      7538.0,
      5582.0,
      5558.0,
      3152.0,
      2325.0,
      1073.0,
      3081.0
    ],
    "perfectTriplesByCommand_Avg": [
      0.73904576436222,
      0.910757946210269,
      0.5192214111922141,
      0.5472612502545307,
      0.603219696969697,
      0.6224976167778837,
      0.6631016042780749,
      0.7607913669064749,
      0.0,
      0.0
    ],
    "perfectTriplesByCommand_ElementwiseAvg": 0.6030927835051546,
    "perfectTriplesByCommand_Same": [
      759.0,
      745.0,
      5335.0,
      13438.0,
      637.0,
      653.0,
      744.0,
      8460.0,
      0.0,
      0.0
    ],
    "perfectTriplesByCommand_Total": [
      1027.0,
      818.0,
      10275.0,
      24555.0,
      1056.0,
      1049.0,
      1122.0,
      11120.0,
      0.0,
      0.0
    ],
    "perfectAfterSecond_Avg": [
      0.4784044379870559
    ],
    "perfectAfterSecond_ElementwiseAvg": 0.4784044379870559,
    "perfectAfterSecond_Same": [
      3622.0
    ],
    "perfectAfterSecond_Total": [
      7571.0
    ],
    "perfectTriplesByCommand_Dict": {
      "clean": 0.73904576436222,