{
  "exact": {
    "commandsProp": 0.9036598189131189,
    "arg1Prop": 0.6648865557331498,
    "arg2Prop": 0.6538567696781509,
    "commandsByIdx_Avg": [
      0.9994716682076344,
      0.9935279355435214,
      0.9459780742306169,
      0.8531440700451048,
      0.8581153708348263,
      0.837891327815761,
      0.7950507614213198,
      0.7131182795698925,
      0.6197576887232059,
      0.5017851346965271
    ],
    "commandsByIdx_ElementwiseAvg": 0.8722511857630042,
    "commandsByIdx_Same": [
      7567.0,
      7522.0,
      7162.0,
      6431.0,
      4790.0,
      4657.0,
      2506.0,
      1658.0,
      665.0,
      1546.0
    ],
    "commandsByIdx_Total": [
      7571.0,
      7571.0,
      7571.0,
      7538.0,
      5582.0,
      5558.0,
      3152.0,
      2325.0,
      1073.0,
      3081.0
    ],
    "arg1ByIdx_Avg": [
      0.3718134988772949,
      0.7705719191652358,
      0.7778071334214003,
      0.7986203236932874,
      0.5352920100322465,
      0.6810003598416696,
      0.5605964467005076,
      0.7101075268817204,
      0.451071761416589,
      0.5095748133722817
    ],
    "arg1ByIdx_ElementwiseAvg": 0.6429117422237902,
    "arg1ByIdx_Same": [
      2815.0,
      5834.0,
      5888.0,
      6020.0,
      2988.0,
      3785.0,
      1767.0,
      1651.0,
      484.0,
      1570.0
    ],
    "arg1ByIdx_Total": [
      7571.0,
      7571.0,
      7570.0,
      7538.0,
      5582.0,
      5558.0,
      3152.0,
      2325.0,
      1073.0,
      3081.0
    ],
    "arg2ByIdx_Avg": [
      0.0,
      0.0,
      0.0,
      0.6549394877568252,
      0.03189066059225513,
      0.5729547371380377,
      0.593576965669989,
      0.691609977324263,
      0.009345794392523364,
      0.32305536089698667
    ],
    "arg2ByIdx_ElementwiseAvg": 0.5522689370666198,
    "arg2ByIdx_Same": [
      0.0,
      0.0,
      0.0,
      2327.0,
      14.0,
      2038.0,
      536.0,
      915.0,
      1.0,
      461.0
    ],
    "arg2ByIdx_Total": [
      0.0,
      1.0,
      83.0,
      3553.0,
      439.0,
      3557.0,
      903.0,
      1323.0,
      107.0,
      1427.0
    ],
    "perfectTriples_Avg": [
      0.37141725003302073,
      0.7705719191652358,
      0.7493065645225201,
      0.6679490581055983,
      0.5313507703332139,
      0.5847427132061893,
      0.5085659898477157,
      0.5638709677419355,
      0.4212488350419385,
      0.4057124310288867
    ],
    "perfectTriples_ElementwiseAvg": 0.5916271412331935,
    "perfectTriples_Same": [
      2812.0,
      5834.0,
      5673.0,
      5035.0,
      2966.0,
      3250.0,
      1603.0,
      1311.0,
      452.0,
      1250.0
    ],
    "perfectTriples_Total": [
      7571.0,
      7571.0,
      7571.0,
      7538.0,
      5582.0,
      5558.0,
      3152.0,
      2325.0,
      1073.0,
      3081.0
    ],
    "perfectTriplesByCommand_Avg": [
      0.7224926971762414,
      0.687041564792176,
      0.5309975669099757,
      0.5453064548971697,
      0.6875,
      0.6682554814108675,
      0.5775401069518716,
      0.7159172661870503,
      0.0,
      0.0
    ],
    "perfectTriplesByCommand_ElementwiseAvg": 0.5916271412331935,
    "perfectTriplesByCommand_Same": [
      742.0,
      562.0,
      5456.0,
      13390.0,
      726.0,
      701.0,
      648.0,
      7961.0,
      0.0,
      0.0
    ],
    "perfectTriplesByCommand_Total": [
      1027.0,
      818.0,
      10275.0,
      24555.0,
      1056.0,
      1049.0,
      1122.0,
      11120.0,
      0.0,
      0.0
    ],
    "perfectAfterSecond_Avg": [
      0.4535728437458724
    ],
    "perfectAfterSecond_ElementwiseAvg": 0.4535728437458724,
    "perfectAfterSecond_Same": [
      3434.0
    ],
    "perfectAfterSecond_Total": [
      7571.0
    ],
    "perfectTriplesByCommand_Dict": {
      "clean": 0.7224926971762414,
      "toggle": 0.687041564792176,
      "put": 0.5309975669099757,
      "go to": 0.5453064548971697,
      "heat": 0.6875,
      "cool": 0.6682554814108675,
      "slice": 0.5775401069518716,
      "pick up": 0.7159172661870503,
      "unknown": 0.0
    },
    "perfectProp": 0.18095363888521993,
    "countTotal": 7571,
    "scoreMode": 9
  },
  "permissive": {
    "commandsProp": 0.9036598189131189,
    "arg1Prop": 0.711844757201313,
    "arg2Prop": 0.6777243826704124,
    "commandsByIdx_Avg": [
      0.9994716682076344,
      0.9935279355435214,
      0.9459780742306169,
      0.8531440700451048,
      0.8581153708348263,
      0.837891327815761,
      0.7950507614213198,
      0.7131182795698925,
      0.6197576887232059,
      0.5017851346965271
    ],
    "commandsByIdx_ElementwiseAvg": 0.8722511857630042,
    "commandsByIdx_Same": [
      7567.0,
      7522.0,
      7162.0,
      6431.0,
      4790.0,
      4657.0,
      2506.0,
      1658.0,
      665.0,
      1546.0
    ],
    "commandsByIdx_Total": [
      7571.0,
      7571.0,
      7571.0,
      7538.0,
      5582.0,
      5558.0,
      3152.0,
      2325.0,
      1073.0,
      3081.0
    ],
    "arg1ByIdx_Avg": [
      0.41658961828028,
      0.8636903975696738,
      0.8110964332892999,
      0.8526134253117538,
      0.5578645646721605,
      0.7522490104354084,
      0.5710659898477157,
      0.7320430107526882,
      0.451071761416589,
      0.5141187925998053
    ],
    "arg1ByIdx_ElementwiseAvg": 0.6884420140726367,
    "arg1ByIdx_Same": [
      3154.0,
      6539.0,
      6140.0,
      6427.0,
      3114.0,
      4181.0,
      1800.0,
      1702.0,
      484.0,
      1584.0
    ],
    "arg1ByIdx_Total": [
      7571.0,
      7571.0,
      7570.0,
      7538.0,
      5582.0,
      5558.0,
      3152.0,
      2325.0,
      1073.0,
      3081.0
    ],
    "arg2ByIdx_Avg": [
      0.0,
      0.0,
      0.0,
      0.6802701942020828,
      0.03189066059225513,
      0.5864492549901602,
      0.6423034330011074,
      0.7135298563869993,
      0.009345794392523364,
      0.3328661527680449
    ],
    "arg2ByIdx_ElementwiseAvg": 0.5720179057315896,
    "arg2ByIdx_Same": [
      0.0,
      0.0,
      0.0,
      2417.0,
      14.0,
      2086.0,
      580.0,
      944.0,
      1.0,
      475.0
    ],
    "arg2ByIdx_Total": [
      0.0,
      1.0,
      83.0,
      3553.0,
      439.0,
      3557.0,
      903.0,
      1323.0,
      107.0,
      1427.0
    ],
    "perfectTriples_Avg": [
      0.4161933694360058,
      0.8636903975696738,
      0.7820631356491877,
      0.726187317590873,
      0.5499820852740953,
      0.6281036344008636,
      0.5323604060913706,
      0.5931182795698925,
      0.4212488350419385,
      0.4148003894839338
    ],
    "perfectTriples_ElementwiseAvg": 0.6356669671906237,
    "perfectTriples_Same": [
      3151.0,
      6539.0,
      5921.0,
      5474.0,
      3070.0,
      3491.0,
      1678.0,
      1379.0,
      452.0,
      1278.0
    ],
    "perfectTriples_Total": [
      7571.0,
      7571.0,
      7571.0,
      7538.0,
      5582.0,
      5558.0,
      3152.0,
      2325.0,
      1073.0,
      3081.0
    ],
    "perfectTriplesByCommand_Avg": [
      0.7546251217137293,
      0.9083129584352079,
      0.5790754257907542,
      0.5769089798411728,
      0.6875,
      0.674928503336511,
      0.5775401069518716,
      0.7839028776978417,
      0.0,
      0.0
    ],
    "perfectTriplesByCommand_ElementwiseAvg": 0.6356669671906237,
    "perfectTriplesByCommand_Same": [
      775.0,
      743.0,
      5950.0,
      14166.0,
      726.0,
      708.0,
      648.0,
      8717.0,
      0.0,
      0.0
    ],
    "perfectTriplesByCommand_Total": [
      1027.0,
      818.0,
      10275.0,
      24555.0,
      1056.0,
      1049.0,
      1122.0,
      11120.0,
      0.0,
      0.0
    ],
    "perfectAfterSecond_Avg": [
      0.5175009906221106
    ],
    "perfectAfterSecond_ElementwiseAvg": 0.5175009906221106,
    "perfectAfterSecond_Same": [
      3918.0
    ],
    "perfectAfterSecond_Total": [
      7571.0
    ],
    "perfectTriplesByCommand_Dict": {
      "clean": 0.7546251217137293,
      "toggle": 0.9083129584352079,