{
  "exact": {
    "commandsProp": 0.8995605276505522,
    "arg1Prop": 0.6666729821837463,
    "arg2Prop": 0.6506563039723661,
    "commandsByIdx_Avg": [
      0.9994716682076344,
      0.9940562673358869,
      0.9405626733588693,
      0.8478376227115946,
      0.8482622715872448,
      0.825836631881972,
      0.7979060913705583,
      0.7010752688172043,
      0.614165890027959,
      0.4670561506004544
    ],
    "commandsByIdx_ElementwiseAvg": 0.8657637881698091,
    "commandsByIdx_Same": [
      7567.0,
      7526.0,
      7121.0,
      6391.0,
      4735.0,
      4590.0,
      2515.0,
      1630.0,
      659.0,
      1439.0
    ],
    "commandsByIdx_Total": [
      7571.0,
      7571.0,
      7571.0,
      7538.0,
      5582.0,
      5558.0,
      3152.0,
      2325.0,
      1073.0,
      3081.0
    ],
    "arg1ByIdx_Avg": [
      0.38343679830933824,
      0.7716285827499669,
      0.7813738441215323,
      0.795569116476519,
      0.5304550340379792,
      0.6788413098236776,
      0.5640862944162437,
      0.7139784946236559,
      0.4342963653308481,
      0.48296007789678674
    ],
    "arg1ByIdx_ElementwiseAvg": 0.6425393465435801,
    "arg1ByIdx_Same": [
      2903.0,
      5842.0,
      5915.0,
      5997.0,
      2961.0,
      3773.0,
      1778.0,
      1660.0,
      466.0,
      1488.0
    ],
    "arg1ByIdx_Total": [
      7571.0,
      7571.0,
      7570.0,
      7538.0,
      5582.0,
      5558.0,
      3152.0,
      2325.0,
      1073.0,
      3081.0
    ],
    "arg2ByIdx_Avg": [
      0.0,
      0.0,
      0.0,
      0.6474181010549694,
      0.028513238289205704,
      0.5605077574047955,
      0.5907079646017699,
      0.690566037735849,
      0.013605442176870748,
      0.30193905817174516
    ],
    "arg2ByIdx_ElementwiseAvg": 0.5388547171445898,
    "arg2ByIdx_Same": [
      0.0,
      0.0,
      0.0,
      2332.0,
      14.0,
      1987.0,
      534.0,
      915.0,
      2.0,
      436.0
    ],
    "arg2ByIdx_Total": [
      2.0,
      0.0,
      83.0,
      3602.0,
      491.0,
      3545.0,
      904.0,
      1325.0,
      147.0,
      1444.0
    ],
    "perfectTriples_Avg": [
      0.38290846651697263,
      0.7716285827499669,
      0.7497028133667943,
      0.6656938179888564,
      0.525438910784665,
      0.5818639798488665,
      0.5095177664974619,
      0.5479569892473118,
      0.3979496738117428,
      0.3765011359948069
    ],
    "perfectTriples_ElementwiseAvg": 0.5893340127788013,
    "perfectTriples_Same": [
      2899.0,
      5842.0,
      5676.0,
      5018.0,
      2933.0,
      3234.0,
      1606.0,
      1274.0,
      427.0,
      1160.0
    ],
    "perfectTriples_Total": [
      7571.0,
      7571.0,
      7571.0,
      7538.0,
      5582.0,
      5558.0,
      3152.0,
      2325.0,
      1073.0,
      3081.0
    ],
    "perfectTriplesByCommand_Avg": [
      0.6981499513145083,
      0.7310513447432763,
      0.5242822384428224,
      0.545347179800448,
      0.6837121212121212,
      0.6291706387035272,
      0.5811051693404634,
      0.7142086330935252,
      0.0,
      0.0
    ],
    "perfectTriplesByCommand_ElementwiseAvg": 0.5893340127788013,
    "perfectTriplesByCommand_Same": [
      717.0,
      598.0,
      5387.0,
      13391.0,
      722.0,
      660.0,
      652.0,
      7942.0,
      0.0,
      0.0
    ],
    "perfectTriplesByCommand_Total": [
      1027.0,
      818.0,
      10275.0,
      24555.0,
      1056.0,
      1049.0,
      1122.0,
      11120.0,
      0.0,
      0.0
    ],
    "perfectAfterSecond_Avg": [
      0.45819574692907145
    ],
    "perfectAfterSecond_ElementwiseAvg": 0.45819574692907145,
    "perfectAfterSecond_Same": [
      3469.0
    ],
    "perfectAfterSecond_Total": [
      7571.0
    ],
    "perfectTriplesByCommand_Dict": {
      "clean": 0.6981499513145083,
      "toggle": 0.7310513447432763,
      "put": 0.5242822384428224,
      "go to": 0.545347179800448,
      "heat": 0.6837121212121212,
      "cool": 0.6291706387035272,
      "slice": 0.5811051693404634,
      "pick up": 0.7142086330935252,
      "unknown": 0.0
    },
    "perfectProp": 0.18597279091269317,
    "countTotal": 7571,
    "scoreMode": 9
  },
  "permissive": {
    "commandsProp": 0.8995605276505522,
    "arg1Prop": 0.7136182420409826,
    "arg2Prop": 0.668704663212435,
    "commandsByIdx_Avg": [
      0.9994716682076344,
      0.9940562673358869,
      0.9405626733588693,
      0.8478376227115946,
      0.8482622715872448,
      0.825836631881972,
      0.7979060913705583,
      0.7010752688172043,
      0.614165890027959,
      0.4670561506004544
    ],
    "commandsByIdx_ElementwiseAvg": 0.8657637881698091,
    "commandsByIdx_Same": [
      7567.0,
      7526.0,
      7121.0,
      6391.0,
      4735.0,
      4590.0,
      2515.0,
      1630.0,
      659.0,
      1439.0
    ],
    "commandsByIdx_Total": [
      7571.0,
      7571.0,
      7571.0,
      7538.0,
      5582.0,
      5558.0,
      3152.0,
      2325.0,
      1073.0,
      3081.0
    ],
    "arg1ByIdx_Avg": [
      0.4337604015321622,
      0.8688416325452384,
      0.8105680317040951,
      0.8477049615282568,
      0.5519527051236116,
      0.7452320978769341,
      0.575507614213198,
      0.7410752688172043,
      0.4342963653308481,
      0.48653034728984096
    ],
    "arg1ByIdx_ElementwiseAvg": 0.6882068168009251,
    "arg1ByIdx_Same": [
      3284.0,
      6578.0,
      6136.0,
      6390.0,
      3081.0,
      4142.0,
      1814.0,
      1723.0,
      466.0,
      1499.0
    ],
    "arg1ByIdx_Total": [
      7571.0,
      7571.0,
      7570.0,
      7538.0,
      5582.0,
      5558.0,
      3152.0,
      2325.0,
      1073.0,
      3081.0
    ],
    "arg2ByIdx_Avg": [
      0.0,
      0.0,
      0.0,
      0.6637978900610771,
      0.028513238289205704,
      0.572919605077574,
      0.6338495575221239,
      0.7124528301886792,
      0.013605442176870748,
      0.3095567867036011
    ],
    "arg2ByIdx_ElementwiseAvg": 0.5546218487394958,
    "arg2ByIdx_Same": [
      0.0,
      0.0,
      0.0,
      2391.0,
      14.0,
      2031.0,
      573.0,
      944.0,
      2.0,
      447.0
    ],
    "arg2ByIdx_Total": [
      2.0,
      0.0,
      83.0,
      3602.0,
      491.0,
      3545.0,
      904.0,
      1325.0,
      147.0,
      1444.0
    ],
    "perfectTriples_Avg": [
      0.4332320697397966,
      0.8688416325452384,
      0.7782327301545371,
      0.7165030512072168,
      0.5406664278036546,
      0.6216264843468874,
      0.5317258883248731,
      0.5767741935483871,
      0.3979496738117428,
      0.38364167478091526
    ],
    "perfectTriples_ElementwiseAvg": 0.6320802790952922,
    "perfectTriples_Same": [
      3280.0,
      6578.0,
      5892.0,
      5401.0,
      3018.0,
      3455.0,
      1676.0,
      1341.0,
      427.0,
      1182.0
    ],
    "perfectTriples_Total": [
      7571.0,
      7571.0,
      7571.0,
      7538.0,
      5582.0,
      5558.0,
      3152.0,
      2325.0,
      1073.0,
      3081.0
    ],
    "perfectTriplesByCommand_Avg": [
      0.7283349561830574,
      0.9205378973105135,
      0.5667153284671533,
      0.5763795560985543,
      0.6837121212121212,
      0.6301239275500476,
      0.5811051693404634,
      0.7857913669064748,
      0.0,
      0.0
    ],
    "perfectTriplesByCommand_ElementwiseAvg": 0.6320802790952922,
    "perfectTriplesByCommand_Same": [
      748.0,
      753.0,
      5823.0,
      14153.0,
      722.0,
      661.0,
      652.0,
      8738.0,
      0.0,
      0.0
    ],
    "perfectTriplesByCommand_Total": [
      1027.0,
      818.0,
      10275.0,
      24555.0,
      1056.0,
      1049.0,
      1122.0,
      11120.0,
      0.0,
      0.0
    ],
    "perfectAfterSecond_Avg": [
      0.5105005943732664
    ],
    "perfectAfterSecond_ElementwiseAvg": 0.5105005943732664,
    "perfectAfterSecond_Same": [
      3865.0
    ],
    "perfectAfterSecond_Total": [
      7571.0
    ],
    "perfectTriplesByCommand_Dict": {
      "clean": 0.7283349561830574,