{
  "exact": {
    "commandsProp": 0.9028647182210763,
    "arg1Prop": 0.6667751505233301,
    "arg2Prop": 0.6613189412982404,
    "commandsByIdx_Avg": [
      0.9994716682076344,
      0.9935279355435214,
      0.9408268392550522,
      0.8481029450782701,
      0.8496954496596202,
      0.8328535444404462,
      0.8144035532994924,
      0.7410752688172043,
      0.6579683131407269,
      0.5206101914962674
    ],
    "commandsByIdx_ElementwiseAvg": 0.873681941123437,
    "commandsByIdx_Same": [
      7567.0,
      7522.0,
      7123.0,
      6393.0,
      4743.0,
      4629.0,
      2567.0,
      1723.0,
      706.0,
      1604.0
    ],
    "commandsByIdx_Total": [
      7571.0,
      7571.0,
      7571.0,
      7538.0,
      5582.0,
      5558.0,
      3152.0,
      2325.0,
      1073.0,
      3081.0
    ],
    "arg1ByIdx_Avg": [
      0.3875313697001717,
      0.7662131818782195,
      0.7825627476882431,
      0.7909259750596975,
      0.528126119670369,
      0.6754228139618568,
      0.5777284263959391,
      0.7286021505376344,
      0.483690587138863,
      0.5316455696202531
    ],
    "arg1ByIdx_ElementwiseAvg": 0.6466944983438192,
    "arg1ByIdx_Same": [
      2934.0,
      5801.0,
      5924.0,
      5962.0,
      2948.0,
      3754.0,
      1821.0,
      1694.0,
      519.0,
      1638.0
    ],
    "arg1ByIdx_Total": [
      7571.0,
      7571.0,
      7570.0,
      7538.0,
      5582.0,
      5558.0,
      3152.0,
      2325.0,
      1073.0,
      3081.0
    ],
    "arg2ByIdx_Avg": [
      0.0,
      0.0,
      0.0,
      0.6629619338705196,
      0.017057569296375266,
      0.566299123551032,
      0.5922222222222222,
      0.7251506024096386,
      0.022900763358778626,
      0.33756166314305847
    ],
    "arg2ByIdx_ElementwiseAvg": 0.5558946634112313,
    "arg2ByIdx_Same": [
      0.0,
      0.0,
      0.0,
      2386.0,
      8.0,
      2003.0,
      533.0,
      963.0,
      3.0,
      479.0
    ],
    "arg2ByIdx_Total": [
      0.0,
      0.0,
      85.0,
      3599.0,
      469.0,
      3537.0,
      900.0,
      1328.0,
      131.0,
      1419.0
    ],
    "perfectTriples_Avg": [
      0.3871351208558975,
      0.7662131818782195,
      0.7514198916919825,
      0.6682143804722738,
      0.5243640272303833,
      0.5833033465275279,
      0.5276015228426396,
      0.5935483870967742,
      0.45013979496738116,
      0.42778318727685816
    ],
    "perfectTriples_ElementwiseAvg": 0.597212966955431,
    "perfectTriples_Same": [
      2931.0,
      5801.0,
      5689.0,
      5037.0,
      2927.0,
      3242.0,
      1663.0,
      1380.0,
      483.0,
      1318.0
    ],
    "perfectTriples_Total": [
      7571.0,
      7571.0,
      7571.0,
      7538.0,
      5582.0,
      5558.0,
      3152.0,
      2325.0,
      1073.0,
      3081.0
    ],
    "perfectTriplesByCommand_Avg": [
      0.7312560856864654,
      0.6980440097799511,
      0.5388807785888078,
      0.5537772347790674,
      0.678030303030303,
      0.6205910390848427,
      0.606951871657754,
      0.7163669064748202,
      0.0,
      0.0
    ],
    "perfectTriplesByCommand_ElementwiseAvg": 0.597212966955431,
    "perfectTriplesByCommand_Same": [
      751.0,
      571.0,
      5537.0,
      13598.0,
      716.0,
      651.0,
      681.0,
      7966.0,
      0.0,
      0.0
    ],
    "perfectTriplesByCommand_Total": [
      1027.0,
      818.0,
      10275.0,
      24555.0,
      1056.0,
      1049.0,
      1122.0,
      11120.0,
      0.0,
      0.0
    ],
    "perfectAfterSecond_Avg": [
      0.4551578391229692
    ],
    "perfectAfterSecond_ElementwiseAvg": 0.4551578391229692,
    "perfectAfterSecond_Same": [
      3446.0
    ],
    "perfectAfterSecond_Total": [
      7571.0
    ],
    "perfectTriplesByCommand_Dict": {
      "clean": 0.7312560856864654,
      "toggle": 0.6980440097799511,
      "put": 0.5388807785888078,
      "go to": 0.5537772347790674,
      "heat": 0.678030303030303,
      "cool": 0.6205910390848427,
      "slice": 0.606951871657754,
      "pick up": 0.7163669064748202,
      "unknown": 0.0
    },
    "perfectProp": 0.1879540351340642,
    "countTotal": 7571,
    "scoreMode": 9
  },
  "permissive": {
    "commandsProp": 0.9028647182210763,
    "arg1Prop": 0.7119142399438608,
    "arg2Prop": 0.6781014342747301,
    "commandsByIdx_Avg": [
      0.9994716682076344,
      0.9935279355435214,
      0.9408268392550522,
      0.8481029450782701,
      0.8496954496596202,
      0.8328535444404462,
      0.8144035532994924,
      0.7410752688172043,
      0.6579683131407269,
      0.5206101914962674
    ],
    "commandsByIdx_ElementwiseAvg": 0.873681941123437,
    "commandsByIdx_Same": [
      7567.0,
      7522.0,
      7123.0,
      6393.0,
      4743.0,
      4629.0,
      2567.0,
      1723.0,
      706.0,
      1604.0
    ],
    "commandsByIdx_Total": [
      7571.0,
      7571.0,
      7571.0,
      7538.0,
      5582.0,
      5558.0,
      3152.0,
      2325.0,
      1073.0,
      3081.0
    ],
    "arg1ByIdx_Avg": [
      0.4345528992207106,
      0.8582749966979263,
      0.8132100396301188,
      0.84160254709472,
      0.5490863489788607,
      0.7439726520331055,
      0.5875634517766497,
      0.7509677419354839,
      0.483690587138863,
      0.5345666991236612
    ],
    "arg1ByIdx_ElementwiseAvg": 0.6909311851982517,
    "arg1ByIdx_Same": [
      3290.0,
      6498.0,
      6156.0,
      6344.0,
      3065.0,
      4135.0,
      1852.0,
      1746.0,
      519.0,
      1647.0
    ],
    "arg1ByIdx_Total": [
      7571.0,
      7571.0,
      7570.0,
      7538.0,
      5582.0,
      5558.0,
      3152.0,
      2325.0,
      1073.0,
      3081.0
    ],
    "arg2ByIdx_Avg": [
      0.0,
      0.0,
      0.0,
      0.6782439566546263,
      0.017057569296375266,
      0.5778908679672038,
      0.6311111111111111,
      0.7432228915662651,
      0.022900763358778626,
      0.3439041578576462
    ],
    "arg2ByIdx_ElementwiseAvg": 0.5701953261248692,
    "arg2ByIdx_Same": [
      0.0,
      0.0,
      0.0,
      2441.0,
      8.0,
      2044.0,
      568.0,
      987.0,
      3.0,
      488.0
    ],
    "arg2ByIdx_Total": [
      0.0,
      0.0,
      85.0,
      3599.0,
      469.0,
      3537.0,
      900.0,
      1328.0,
      131.0,
      1419.0
    ],
    "perfectTriples_Avg": [
      0.4341566503764364,
      0.8582749966979263,
      0.7814027209087306,
      0.7199522419739984,
      0.5399498387674668,
      0.620187117668226,
      0.5475888324873096,
      0.6206451612903225,
      0.45013979496738116,
      0.4336254462836741
    ],
    "perfectTriples_ElementwiseAvg": 0.638489279134491,
    "perfectTriples_Same": [
      3287.0,
      6498.0,
      5916.0,
      5427.0,
      3014.0,
      3447.0,
      1726.0,
      1443.0,
      483.0,
      1336.0
    ],
    "perfectTriples_Total": [
      7571.0,
      7571.0,
      7571.0,
      7538.0,
      5582.0,
      5558.0,
      3152.0,
      2325.0,
      1073.0,
      3081.0
    ],
    "perfectTriplesByCommand_Avg": [
      0.759493670886076,
      0.9070904645476773,
      0.5783941605839416,
      0.58415801262472,
      0.678030303030303,
      0.6253574833174452,
      0.606951871657754,
      0.7837230215827338,
      0.0,
      0.0
    ],
    "perfectTriplesByCommand_ElementwiseAvg": 0.638489279134491,
    "perfectTriplesByCommand_Same": [
      780.0,
      742.0,
      5943.0,
      14344.0,
      716.0,
      656.0,
      681.0,
      8715.0,
      0.0,
      0.0
    ],
    "perfectTriplesByCommand_Total": [
      1027.0,
      818.0,
      10275.0,
      24555.0,
      1056.0,
      1049.0,
      1122.0,
      11120.0,
      0.0,
      0.0
    ],
    "perfectAfterSecond_Avg": [
      0.5078589354114383
    ],
    "perfectAfterSecond_ElementwiseAvg": 0.5078589354114383,
    "perfectAfterSecond_Same": [
      3845.0
    ],
    "perfectAfterSecond_Total": [
      7571.0
    ],
    "perfectTriplesByCommand_Dict": {
      "clean": 0.759493670886076,