{
  "exact": {
    "commandsProp": 0.9184689200021916,
    "arg1Prop": 0.7021368518744776,
    "arg2Prop": 0.7035747790450801,
    "commandsByIdx_Avg": [
      0.9994716682076344,
      0.995377096816801,
      0.9496763967771761,
      0.884452109312815,
      0.8686850591185955,
      0.8558834112990285,
      0.8470812182741116,
      0.7535483870967742,
      0.7036346691519105,
      0.5420318078545927
    ],
    "commandsByIdx_ElementwiseAvg": 0.8900670299086668,
    "commandsByIdx_Same": [
      7567.0,
      7536.0,
      7190.0,
      6667.0,
      4849.0,
      4757.0,
      2670.0,
      1752.0,
      755.0,
      1670.0
    ],
    "commandsByIdx_Total": [
      7571.0,
      7571.0,
      7571.0,
      7538.0,
      5582.0,
      5558.0,
      3152.0,
      2325.0,
      1073.0,
      3081.0
    ],
    "arg1ByIdx_Avg": [
      0.38541804253070927,
      0.7988376700567956,
      0.8208718626155879,
      0.8410719023613691,
      0.5657470440702257,
      0.7087081684059015,
      0.6005710659898477,
      0.7935483870967742,
      0.4930102516309413,
      0.572541382667965
    ],
    "arg1ByIdx_ElementwiseAvg": 0.6790929225220987,
    "arg1ByIdx_Same": [
      2918.0,
      6048.0,
      6214.0,
      6340.0,
      3158.0,
      3939.0,
      1893.0,
      1845.0,
      529.0,
      1764.0
    ],
    "arg1ByIdx_Total": [
      7571.0,
      7571.0,
      7570.0,
      7538.0,
      5582.0,
      5558.0,
      3152.0,
      2325.0,
      1073.0,
      3081.0
    ],
    "arg2ByIdx_Avg": [
      0.0,
      0.0,
      0.023809523809523808,
      0.728310502283105,
      0.02708803611738149,
      0.5924978687127025,
      0.6575192096597146,
      0.7792109256449166,
      0.022988505747126436,
      0.34065934065934067
    ],
    "arg2ByIdx_ElementwiseAvg": 0.5961639978884392,
    "arg2ByIdx_Same": [
      0.0,
      0.0,
      3.0,
      2552.0,
      12.0,
      2085.0,
      599.0,
      1027.0,
      2.0,
      496.0
    ],
    "arg2ByIdx_Total": [
      0.0,
      2.0,
      126.0,
      3504.0,
      443.0,
      3519.0,
      911.0,
      1318.0,
      87.0,
      1456.0
    ],
    "perfectTriples_Avg": [
      0.3851538766345265,
      0.7988376700567956,
      0.7988376700567956,
      0.745157866808172,
      0.5605517735578646,
      0.6259445843828715,
      0.5605964467005076,
      0.6498924731182796,
      0.46505125815470644,
      0.44368711457319054
    ],
    "perfectTriples_ElementwiseAvg": 0.6346477989886715,
    "perfectTriples_Same": [
      2916.0,
      6048.0,
      6048.0,
      5617.0,
      3129.0,
      3479.0,
      1767.0,
      1511.0,
      499.0,
      1367.0
    ],
    "perfectTriples_Total": [
      7571.0,
      7571.0,
      7571.0,
      7538.0,
      5582.0,
      5558.0,
      3152.0,
      2325.0,
      1073.0,
      3081.0
    ],
    "perfectTriplesByCommand_Avg": [
      0.7740993184031159,
      0.7970660146699267,
      0.5932846715328467,
      0.5796375483608226,
      0.7140151515151515,
      0.6949475691134414,
      0.67825311942959,
      0.751888489208633,
      0.0,
      0.0
    ],
    "perfectTriplesByCommand_ElementwiseAvg": 0.6346477989886715,
    "perfectTriplesByCommand_Same": [
      795.0,
      652.0,
      6096.0,
      14233.0,
      754.0,
      729.0,
      761.0,
      8361.0,
      0.0,
      0.0
    ],
    "perfectTriplesByCommand_Total": [
      1027.0,
      818.0,
      10275.0,
      24555.0,
      1056.0,
      1049.0,
      1122.0,
      11120.0,
      0.0,
      0.0
    ],
    "perfectAfterSecond_Avg": [
      0.5182934883106591
    ],
    "perfectAfterSecond_ElementwiseAvg": 0.5182934883106591,
    "perfectAfterSecond_Same": [
      3924.0
    ],
    "perfectAfterSecond_Total": [
      7571.0
    ],
    "perfectTriplesByCommand_Dict": {
      "clean": 0.7740993184031159,
      "toggle": 0.7970660146699267,
      "put": 0.5932846715328467,
      "go to": 0.5796375483608226,
      "heat": 0.7140151515151515,
      "cool": 0.6949475691134414,
      "slice": 0.67825311942959,
      "pick up": 0.751888489208633,
      "unknown": 0.0
    },
    "perfectProp": 0.20948355567296262,
    "countTotal": 7571,
    "scoreMode": 9
  },
  "permissive": {
    "commandsProp": 0.9184689200021916,
    "arg1Prop": 0.7386154359795678,
    "arg2Prop": 0.7172887967214739,
    "commandsByIdx_Avg": [
      0.9994716682076344,
      0.995377096816801,
      0.9496763967771761,
      0.884452109312815,
      0.8686850591185955,
      0.8558834112990285,
      0.8470812182741116,
      0.7535483870967742,
      0.7036346691519105,
      0.5420318078545927
    ],
    "commandsByIdx_ElementwiseAvg": 0.8900670299086668,
    "commandsByIdx_Same": [
      7567.0,
      7536.0,
      7190.0,
      6667.0,
      4849.0,
      4757.0,
      2670.0,
      1752.0,
      755.0,
      1670.0
    ],
    "commandsByIdx_Total": [
      7571.0,
      7571.0,
      7571.0,
      7538.0,
      5582.0,
      5558.0,
      3152.0,
      2325.0,
      1073.0,
      3081.0
    ],
    "arg1ByIdx_Avg": [
      0.4168537841764628,
      0.890106987187954,
      0.8414795244385733,
      0.877421066595914,
      0.5879613041920458,
      0.7806765023389709,
      0.6081852791878173,
      0.8116129032258065,
      0.4930102516309413,
      0.5774099318403116
    ],
    "arg1ByIdx_ElementwiseAvg": 0.7175868759922385,
    "arg1ByIdx_Same": [
      3156.0,
      6739.0,
      6370.0,
      6614.0,
      3282.0,
      4339.0,
      1917.0,
      1887.0,
      529.0,
      1779.0
    ],
    "arg1ByIdx_Total": [
      7571.0,
      7571.0,
      7570.0,
      7538.0,
      5582.0,
      5558.0,
      3152.0,
      2325.0,
      1073.0,
      3081.0
    ],
    "arg2ByIdx_Avg": [
      0.0,
      0.0,
      0.023809523809523808,
      0.7365867579908676,
      0.02708803611738149,
      0.6052855924978687,
      0.6904500548847421,
      0.7905918057663126,
      0.022988505747126436,
      0.35027472527472525
    ],
    "arg2ByIdx_ElementwiseAvg": 0.6078655639626958,
    "arg2ByIdx_Same": [
      0.0,
      0.0,
      3.0,
      2581.0,
      12.0,
      2130.0,
      629.0,
      1042.0,
      2.0,
      510.0
    ],
    "arg2ByIdx_Total": [
      0.0,
      2.0,
      126.0,
      3504.0,
      443.0,
      3519.0,
      911.0,
      1318.0,
      87.0,
      1456.0
    ],
    "perfectTriples_Avg": [
      0.41658961828028,
      0.890106987187954,
      0.8186501122705059,
      0.7796497744759884,
      0.579183088498746,
      0.6655271680460597,
      0.5767766497461929,
      0.6705376344086021,
      0.46505125815470644,
      0.4527750730282376
    ],
    "perfectTriples_ElementwiseAvg": 0.6697307044020226,
    "perfectTriples_Same": [
      3154.0,
      6739.0,
      6198.0,
      5877.0,
      3233.0,
      3699.0,
      1818.0,
      1559.0,
      499.0,
      1395.0
    ],
    "perfectTriples_Total": [
      7571.0,
      7571.0,
      7571.0,
      7538.0,
      5582.0,
      5558.0,
      3152.0,
      2325.0,
      1073.0,
      3081.0
    ],
    "perfectTriplesByCommand_Avg": [
      0.8033106134371957,
      0.941320293398533,
      0.6275425790754258,
      0.6021991447770312,
      0.7140151515151515,
      0.6959008579599618,
      0.67825311942959,
      0.8179856115107914,
      0.0,
      0.0
    ],
    "perfectTriplesByCommand_ElementwiseAvg": 0.6697307044020226,
    "perfectTriplesByCommand_Same": [
      825.0,
      770.0,
      6448.0,
      14787.0,
      754.0,
      730.0,
      761.0,
      9096.0,
      0.0,
      0.0
    ],
    "perfectTriplesByCommand_Total": [
      1027.0,
      818.0,
      10275.0,
      24555.0,
      1056.0,
      1049.0,
      1122.0,
      11120.0,
      0.0,
      0.0
    ],
    "perfectAfterSecond_Avg": [
      0.5632016906617355
    ],
    "perfectAfterSecond_ElementwiseAvg": 0.5632016906617355,
    "perfectAfterSecond_Same": [
      4264.0
    ],
    "perfectAfterSecond_Total": [
      7571.0
    ],