{
  "exact": {
    "commandsProp": 0.9111957799909893,
    "arg1Prop": 0.6949579442996181,
    "arg2Prop": 0.6993975308641976,
    "commandsByIdx_Avg": [
      0.9994716682076344,
      0.9945845991282526,
      0.9406947563069608,
      0.8790130007959671,
      0.8493371551415263,
      0.8391507736595898,
      0.8439086294416244,
      0.7359139784946237,
      0.6728797763280522,
      0.4907497565725414
    ],
    "commandsByIdx_ElementwiseAvg": 0.8791305711261809,
    "commandsByIdx_Same": [
      7567.0,
      7530.0,
      7122.0,
      6626.0,
      4741.0,
      4664.0,
      2660.0,
      1711.0,
      722.0,
      1512.0
    ],
    "commandsByIdx_Total": [
      7571.0,
      7571.0,
      7571.0,
      7538.0,
      5582.0,
      5558.0,
      3152.0,
      2325.0,
      1073.0,
      3081.0
    ],
    "arg1ByIdx_Avg": [
      0.38251221767269844,
      0.7964601769911505,
      0.8238013472460706,
      0.8282037675776068,
      0.5548190612683626,
      0.7006117308384311,
      0.6027918781725888,
      0.7746236559139785,
      0.4482758620689655,
      0.5232067510548524
    ],
    "arg1ByIdx_ElementwiseAvg": 0.6701226921720043,
    "arg1ByIdx_Same": [
      2896.0,
      6030.0,
      6237.0,
      6243.0,
      3097.0,
      3894.0,
      1900.0,
      1801.0,
      481.0,
      1612.0
    ],
    "arg1ByIdx_Total": [
      7571.0,
      7571.0,
      7571.0,
      7538.0,
      5582.0,
      5558.0,
      3152.0,
      2325.0,
      1073.0,
      3081.0
    ],
    "arg2ByIdx_Avg": [
      0.0,
      0.0,
      0.027777777777777776,
      0.7260579064587973,
      0.015355086372360844,
      0.5801504629629629,
      0.6977777777777778,
      0.777526395173454,
      0.029850746268656716,
      0.3034993270524899
    ],
    "arg2ByIdx_ElementwiseAvg": 0.5845913586673608,
    "arg2ByIdx_Same": [
      0.0,
      0.0,
      3.0,
      2608.0,
      8.0,
      2005.0,
      628.0,
      1031.0,
      4.0,
      451.0
    ],
    "arg2ByIdx_Total": [
      1.0,
      2.0,
      108.0,
      3592.0,
      521.0,
      3456.0,
      900.0,
      1326.0,
      134.0,
      1486.0
    ],
    "perfectTriples_Avg": [
      0.38224805177651566,
      0.796328094043059,
      0.793686435081231,
      0.7362695675245423,
      0.5494446434969545,
      0.6185678301547319,
      0.5625,
      0.6232258064516129,
      0.4147250698974837,
      0.39694904251866275
    ],
    "perfectTriples_ElementwiseAvg": 0.6247697071851358,
    "perfectTriples_Same": [
      2894.0,
      6029.0,
      6009.0,
      5550.0,
      3067.0,
      3438.0,
      1773.0,
      1449.0,
      445.0,
      1223.0
    ],
    "perfectTriples_Total": [
      7571.0,
      7571.0,
      7571.0,
      7538.0,
      5582.0,
      5558.0,
      3152.0,
      2325.0,
      1073.0,
      3081.0
    ],
    "perfectTriplesByCommand_Avg": [
      0.7779941577409932,
      0.7872860635696821,
      0.5867639902676399,
      0.5693341478313989,
      0.6732954545454546,
      0.6387035271687321,
      0.6559714795008913,
      0.7471223021582734,
      0.0,
      0.0
    ],
    "perfectTriplesByCommand_ElementwiseAvg": 0.6247697071851358,
    "perfectTriplesByCommand_Same": [
      799.0,
      644.0,
      6029.0,
      13980.0,
      711.0,
      670.0,
      736.0,
      8308.0,
      0.0,
      0.0
    ],
    "perfectTriplesByCommand_Total": [
      1027.0,
      818.0,
      10275.0,
      24555.0,
      1056.0,
      1049.0,
      1122.0,
      11120.0,
      0.0,
      0.0
    ],
    "perfectAfterSecond_Avg": [
      0.5159159952450139
    ],
    "perfectAfterSecond_ElementwiseAvg": 0.5159159952450139,
    "perfectAfterSecond_Same": [
      3906.0
    ],
    "perfectAfterSecond_Total": [
      7571.0
    ],
    "perfectTriplesByCommand_Dict": {
      "clean": 0.7779941577409932,
      "toggle": 0.7872860635696821,
      "put": 0.5867639902676399,
      "go to": 0.5693341478313989,
      "heat": 0.6732954545454546,
      "cool": 0.6387035271687321,
      "slice": 0.6559714795008913,
      "pick up": 0.7471223021582734,
      "unknown": 0.0
    },
    "perfectProp": 0.20340774006075815,
    "countTotal": 7571,
    "scoreMode": 9
  },
  "permissive": {
    "commandsProp": 0.9111957799909893,
    "arg1Prop": 0.7324609447958448,
    "arg2Prop": 0.7125086419753089,
    "commandsByIdx_Avg": [
      0.9994716682076344,
      0.9945845991282526,
      0.9406947563069608,
      0.8790130007959671,
      0.8493371551415263,
      0.8391507736595898,
      0.8439086294416244,
      0.7359139784946237,
      0.6728797763280522,
      0.4907497565725414
    ],
    "commandsByIdx_ElementwiseAvg": 0.8791305711261809,
    "commandsByIdx_Same": [
      7567.0,
      7530.0,
      7122.0,
      6626.0,
      4741.0,
      4664.0,
      2660.0,
      1711.0,
      722.0,
      1512.0
    ],
    "commandsByIdx_Total": [
      7571.0,
      7571.0,
      7571.0,
      7538.0,
      5582.0,
      5558.0,
      3152.0,
      2325.0,
      1073.0,
      3081.0
    ],
    "arg1ByIdx_Avg": [
      0.41870294544974246,
      0.889446572447497,
      0.8454629507330603,
      0.8652162377288405,
      0.5809745610892153,
      0.7664627563871896,
      0.6081852791878173,
      0.7931182795698924,
      0.44920782851817337,
      0.5264524505030834
    ],
    "arg1ByIdx_ElementwiseAvg": 0.7093998667241582,
    "arg1ByIdx_Same": [
      3170.0,
      6734.0,
      6401.0,
      6522.0,
      3243.0,
      4260.0,
      1917.0,
      1844.0,
      482.0,
      1622.0
    ],
    "arg1ByIdx_Total": [
      7571.0,
      7571.0,
      7571.0,
      7538.0,
      5582.0,
      5558.0,
      3152.0,
      2325.0,
      1073.0,
      3081.0
    ],
    "arg2ByIdx_Avg": [
      0.0,
      0.0,
      0.027777777777777776,
      0.7355233853006682,
      0.015355086372360844,
      0.5920138888888888,
      0.7277777777777777,
      0.7865761689291101,
      0.029850746268656716,
      0.310228802153432
    ],
    "arg2ByIdx_ElementwiseAvg": 0.5953496442824917,
    "arg2ByIdx_Same": [
      0.0,
      0.0,
      3.0,
      2642.0,
      8.0,
      2046.0,
      655.0,
      1043.0,
      4.0,
      461.0
    ],
    "arg2ByIdx_Total": [
      1.0,
      2.0,
      108.0,
      3592.0,
      521.0,
      3456.0,
      900.0,
      1326.0,
      134.0,
      1486.0
    ],
    "perfectTriples_Avg": [
      0.4184387795535596,
      0.8893144894994056,
      0.8145555408796724,
      0.7734146988591138,
      0.5696882837692583,
      0.6552716804605974,
      0.575507614213198,
      0.644731182795699,
      0.41565703634669154,
      0.40279130152547876
    ],
    "perfectTriples_ElementwiseAvg": 0.6608913801889381,
    "perfectTriples_Same": [
      3168.0,
      6733.0,
      6167.0,
      5830.0,
      3180.0,
      3642.0,
      1814.0,
      1499.0,
      446.0,
      1241.0
    ],
    "perfectTriples_Total": [
      7571.0,
      7571.0,
      7571.0,
      7538.0,
      5582.0,
      5558.0,
      3152.0,
      2325.0,
      1073.0,
      3081.0
    ],
    "perfectTriplesByCommand_Avg": [
      0.804284323271665,
      0.9339853300733496,
      0.621021897810219,
      0.5934840154754633,
      0.6732954545454546,
      0.6406101048617732,
      0.6559714795008913,
      0.8144784172661871,
      0.0,
      0.0
    ],
    "perfectTriplesByCommand_ElementwiseAvg": 0.6608913801889381,
    "perfectTriplesByCommand_Same": [
      826.0,
      764.0,
      6381.0,
      14573.0,
      711.0,
      672.0,
      736.0,
      9057.0,
      0.0,
      0.0
    ],
    "perfectTriplesByCommand_Total": [
      1027.0,
      818.0,
      10275.0,
      24555.0,
      1056.0,
      1049.0,
      1122.0,
      11120.0,
      0.0,
      0.0
    ],
    "perfectAfterSecond_Avg": [
      0.5634658565579184
    ],
    "perfectAfterSecond_ElementwiseAvg": 0.5634658565579184,
    "perfectAfterSecond_Same": [
      4266.0
    ],
    "perfectAfterSecond_Total": [
      7571.0
    ],