{
  "exact": {
    "commandsProp": 0.9327511656839425,
    "arg1Prop": 0.7147512099357974,
    "arg2Prop": 0.7339925925925929,
    "commandsByIdx_Avg": [
      0.9994716682076344,
      0.9926033549068816,
      0.9586580372473914,
      0.9001061289466702,
      0.8989609458975277,
      0.8904282115869018,
      0.881979695431472,
      0.8103225806451613,
      0.7511649580615097,
      0.6601752677702045
    ],
    "commandsByIdx_ElementwiseAvg": 0.9132531065030771,
    "commandsByIdx_Same": [
      7567.0,
      7515.0,
      7258.0,
      6785.0,
      5018.0,
      4949.0,
      2780.0,
      1884.0,
      806.0,
      2034.0
    ],
    "commandsByIdx_Total": [
      7571.0,
      7571.0,
      7571.0,
      7538.0,
      5582.0,
      5558.0,
      3152.0,
      2325.0,
      1073.0,
      3081.0
    ],
    "arg1ByIdx_Avg": [
      0.38132347113987586,
      0.8033284902919033,
      0.8337075683529256,
      0.8559299548951976,
      0.5784664994625582,
      0.7302986685858223,
      0.6310279187817259,
      0.8159139784946237,
      0.5852749301025163,
      0.6692632262252516
    ],
    "arg1ByIdx_ElementwiseAvg": 0.697679432401709,
    "arg1ByIdx_Same": [
      2887.0,
      6082.0,
      6312.0,
      6452.0,
      3229.0,
      4059.0,
      1989.0,
      1897.0,
      628.0,
      2062.0
    ],
    "arg1ByIdx_Total": [
      7571.0,
      7571.0,
      7571.0,
      7538.0,
      5582.0,
      5558.0,
      3152.0,
      2325.0,
      1073.0,
      3081.0
    ],
    "arg2ByIdx_Avg": [
      0.0,
      0.0,
      0.010309278350515464,
      0.7587392550143266,
      0.006734006734006734,
      0.6158657947114018,
      0.6997742663656885,
      0.8071920428462127,
      0.015625,
      0.4756554307116105
    ],
    "arg2ByIdx_ElementwiseAvg": 0.6482946793997272,
    "arg2ByIdx_Same": [
      0.0,
      0.0,
      1.0,
      2648.0,
      2.0,
      2166.0,
      620.0,
      1055.0,
      1.0,
      635.0
    ],
    "arg2ByIdx_Total": [
      0.0,
      2.0,
      97.0,
      3490.0,
      297.0,
      3517.0,
      886.0,
      1307.0,
      64.0,
      1335.0
    ],
    "perfectTriples_Avg": [
      0.38119138819178444,
      0.8030643243957205,
      0.818385946374323,
      0.7650570443088353,
      0.5763167323539949,
      0.6408780136739834,
      0.5875634517766497,
      0.7006451612903226,
      0.5573159366262814,
      0.5644271340473872
    ],
    "perfectTriples_ElementwiseAvg": 0.6570890988201168,
    "perfectTriples_Same": [
      2886.0,
      6080.0,
      6196.0,
      5767.0,
      3217.0,
      3562.0,
      1852.0,
      1629.0,
      598.0,
      1739.0
    ],
    "perfectTriples_Total": [
      7571.0,
      7571.0,
      7571.0,
      7538.0,
      5582.0,
      5558.0,
      3152.0,
      2325.0,
      1073.0,
      3081.0
    ],
    "perfectTriplesByCommand_Avg": [
      0.7896786757546251,
      0.7775061124694377,
      0.6224817518248175,
      0.5991447770311545,
      0.7746212121212122,
      0.7473784556720686,
      0.7174688057040999,
      0.7701438848920863,
      0.0,
      0.0
    ],
    "perfectTriplesByCommand_ElementwiseAvg": 0.6570890988201168,
    "perfectTriplesByCommand_Same": [
      811.0,
      636.0,
      6396.0,
      14712.0,
      818.0,
      784.0,
      805.0,
      8564.0,
      0.0,
      0.0
    ],
    "perfectTriplesByCommand_Total": [
      1027.0,
      818.0,
      10275.0,
      24555.0,
      1056.0,
      1049.0,
      1122.0,
      11120.0,
      0.0,
      0.0
    ],
    "perfectAfterSecond_Avg": [
      0.5272751287808743
    ],
    "perfectAfterSecond_ElementwiseAvg": 0.5272751287808743,
    "perfectAfterSecond_Same": [
      3992.0
    ],
    "perfectAfterSecond_Total": [
      7571.0
    ],
    "perfectTriplesByCommand_Dict": {
      "clean": 0.7896786757546251,
      "toggle": 0.7775061124694377,
      "put": 0.6224817518248175,
      "go to": 0.5991447770311545,
      "heat": 0.7746212121212122,
      "cool": 0.7473784556720686,
      "slice": 0.7174688057040999,
      "pick up": 0.7701438848920863,
      "unknown": 0.0
    },
    "perfectProp": 0.21172896579051645,
    "countTotal": 7571,
    "scoreMode": 9
  },
  "permissive": {
    "commandsProp": 0.9327511656839425,
    "arg1Prop": 0.7532455041424206,
    "arg2Prop": 0.7497086419753088,
    "commandsByIdx_Avg": [
      0.9994716682076344,
      0.9926033549068816,
      0.9586580372473914,
      0.9001061289466702,
      0.8989609458975277,
      0.8904282115869018,
      0.881979695431472,
      0.8103225806451613,
      0.7511649580615097,
      0.6601752677702045
    ],
    "commandsByIdx_ElementwiseAvg": 0.9132531065030771,
    "commandsByIdx_Same": [
      7567.0,
      7515.0,
      7258.0,
      6785.0,
      5018.0,
      4949.0,
      2780.0,
      1884.0,
      806.0,
      2034.0
    ],
    "commandsByIdx_Total": [
      7571.0,
      7571.0,
      7571.0,
      7538.0,
      5582.0,
      5558.0,
      3152.0,
      2325.0,
      1073.0,
      3081.0
    ],
    "arg1ByIdx_Avg": [
      0.41394795931845196,
      0.8963148857482499,
      0.8553691718399155,
      0.8933404085964447,
      0.6006807595843784,
      0.8154012234616769,
      0.6405456852791879,
      0.8356989247311828,
      0.5852749301025163,
      0.6738072054527751
    ],
    "arg1ByIdx_ElementwiseAvg": 0.7385245580337894,
    "arg1ByIdx_Same": [
      3134.0,
      6786.0,
      6476.0,
      6734.0,
      3353.0,
      4532.0,
      2019.0,
      1943.0,
      628.0,
      2076.0
    ],
    "arg1ByIdx_Total": [
      7571.0,
      7571.0,
      7571.0,
      7538.0,
      5582.0,
      5558.0,
      3152.0,
      2325.0,
      1073.0,
      3081.0
    ],
    "arg2ByIdx_Avg": [
      0.0,
      0.0,
      0.010309278350515464,
      0.7693409742120344,
      0.006734006734006734,
      0.6303667898777368,
      0.7347629796839729,
      0.8232593726090283,
      0.015625,
      0.4846441947565543
    ],
    "arg2ByIdx_ElementwiseAvg": 0.662119145065939,
    "arg2ByIdx_Same": [
      0.0,
      0.0,
      1.0,
      2685.0,
      2.0,
      2217.0,
      651.0,
      1076.0,
      1.0,
      647.0
    ],
    "arg2ByIdx_Total": [
      0.0,
      2.0,
      97.0,
      3490.0,
      297.0,
      3517.0,
      886.0,
      1307.0,
      64.0,
      1335.0
    ],
    "perfectTriples_Avg": [
      0.4138158763703606,
      0.8960507198520671,
      0.8392550521727645,
      0.8018041920933935,
      0.5969186671443927,
      0.6878373515653112,
      0.6062817258883249,
      0.7251612903225807,
      0.5573159366262814,
      0.5718922427783187
    ],
    "perfectTriples_ElementwiseAvg": 0.6943475363568656,
    "perfectTriples_Same": [
      3133.0,
      6784.0,
      6354.0,
      6044.0,
      3332.0,
      3823.0,
      1911.0,
      1686.0,
      598.0,
      1762.0
    ],
    "perfectTriples_Total": [
      7571.0,
      7571.0,
      7571.0,
      7538.0,
      5582.0,
      5558.0,
      3152.0,
      2325.0,
      1073.0,
      3081.0
    ],
    "perfectTriplesByCommand_Avg": [
      0.8111002921129503,
      0.9193154034229829,
      0.662676399026764,
      0.6232946446752189,
      0.7746212121212122,
      0.7540514775977121,
      0.7174688057040999,
      0.837589928057554,
      0.0,
      0.0
    ],
    "perfectTriplesByCommand_ElementwiseAvg": 0.6943475363568656,
    "perfectTriplesByCommand_Same": [
      833.0,
      752.0,
      6809.0,
      15305.0,
      818.0,
      791.0,
      805.0,
      9314.0,
      0.0,
      0.0
    ],
    "perfectTriplesByCommand_Total": [
      1027.0,
      818.0,
      10275.0,
      24555.0,
      1056.0,
      1049.0,
      1122.0,
      11120.0,
      0.0,
      0.0
    ],
    "perfectAfterSecond_Avg": [
      0.5750891559899617
    ],
    "perfectAfterSecond_ElementwiseAvg": 0.5750891559899617,
    "perfectAfterSecond_Same": [
      4354.0
    ],
    "perfectAfterSecond_Total": [
      7571.0
    ],