{
  "exact": {
    "commandsProp": 0.6320333019293153,
    "arg1Prop": 0.2055131413833066,
    "arg2Prop": 0.13583626073380178,
    "commandsByIdx_Avg": [
      0.9936600184916128,
      0.8541804253070928,
      0.8800686831330076,
      0.4286282833642876,
      0.46649946255822283,
      0.3350125944584383,
      0.20336294416243655,
      0.1389247311827957,
      0.14165890027958994,
      0.07400194741966894
    ],
    "commandsByIdx_ElementwiseAvg": 0.5819842420916468,
    "commandsByIdx_Same": [
      7523.0,
      6467.0,
      6663.0,
      3231.0,
      2604.0,
      1862.0,
      641.0,
      323.0,
      152.0,
      228.0
    ],
    "commandsByIdx_Total": [
      7571.0,
      7571.0,
      7571.0,
      7538.0,
      5582.0,
      5558.0,
      3152.0,
      2325.0,
      1073.0,
      3081.0
    ],
    "arg1ByIdx_Avg": [
      0.14780081891427815,
      0.31343283582089554,
      0.2523784355179704,
      0.3272751392942425,
      0.11375850949480473,
      0.13332133861101114,
      0.06884517766497462,
      0.09376344086021506,
      0.048462255358807084,
      0.07043167802661474
    ],
    "arg1ByIdx_ElementwiseAvg": 0.1950057821595876,
    "arg1ByIdx_Same": [
      1119.0,
      2373.0,
      1910.0,
      2467.0,
      635.0,
      741.0,
      217.0,
      218.0,
      52.0,
      217.0
    ],
    "arg1ByIdx_Total": [
      7571.0,
      7571.0,
      7568.0,
      7538.0,
      5582.0,
      5558.0,
      3152.0,
      2325.0,
      1073.0,
      3081.0
    ],
    "arg2ByIdx_Avg": [
      0.0,
      0.0,
      0.0,
      0.17351083032490974,
      0.002577319587628866,
      0.0959119496855346,
      0.05015353121801433,
      0.05202702702702703,
      0.0,
      0.030781373322809787
    ],
    "arg2ByIdx_ElementwiseAvg": 0.09768734044150773,
    "arg2ByIdx_Same": [
      0.0,
      0.0,
      0.0,
      769.0,
      1.0,
      366.0,
      49.0,
      77.0,
      0.0,
      39.0
    ],
    "arg2ByIdx_Total": [
      48.0,
      527.0,
      313.0,
      4432.0,
      388.0,
      3816.0,
      977.0,
      1480.0,
      70.0,
      1267.0
    ],
    "perfectTriples_Avg": [
      0.14753665301809538,
      0.2904504028529917,
      0.2340509840179633,
      0.12682409127089414,
      0.10784664994625583,
      0.031486146095717885,
      0.054885786802030455,
      0.04043010752688172,
      0.04473438956197577,
      0.03278156442713405
    ],
    "perfectTriples_ElementwiseAvg": 0.14184077456783348,
    "perfectTriples_Same": [
      1117.0,
      2199.0,
      1772.0,
      956.0,
      602.0,
      175.0,
      173.0,
      94.0,
      48.0,
      101.0
    ],
    "perfectTriples_Total": [
      7571.0,
      7571.0,
      7571.0,
      7538.0,
      5582.0,
      5558.0,
      3152.0,
      2325.0,
      1073.0,
      3081.0
    ],
    "perfectTriplesByCommand_Avg": [
      0.018500486854917234,
      0.25794621026894865,
      0.04934306569343066,
      0.1515373650987579,
      0.08806818181818182,
      0.027645376549094377,
      0.2718360071301248,
      0.21151079136690648,
      0.0,
      0.0
    ],
    "perfectTriplesByCommand_ElementwiseAvg": 0.14184077456783348,
    "perfectTriplesByCommand_Same": [
      19.0,
      211.0,
      507.0,
      3721.0,
      93.0,
      29.0,
      305.0,
      2352.0,
      0.0,
      0.0
    ],
    "perfectTriplesByCommand_Total": [
      1027.0,
      818.0,
      10275.0,
      24555.0,
      1056.0,
      1049.0,
      1122.0,
      11120.0,
      0.0,
      0.0
    ],
    "perfectAfterSecond_Avg": [
      0.04266279223352265
    ],
    "perfectAfterSecond_ElementwiseAvg": 0.04266279223352265,
    "perfectAfterSecond_Same": [
      323.0
    ],
    "perfectAfterSecond_Total": [
      7571.0
    ],
    "perfectTriplesByCommand_Dict": {
      "clean": 0.018500486854917234,
      "toggle": 0.25794621026894865,
      "put": 0.04934306569343066,
      "go to": 0.1515373650987579,
      "heat": 0.08806818181818182,
      "cool": 0.027645376549094377,
      "slice": 0.2718360071301248,
      "pick up": 0.21151079136690648,
      "unknown": 0.0
    },
    "perfectProp": 0.007924976885484084,
    "countTotal": 7571,
    "scoreMode": 9
  },
  "permissive": {
    "commandsProp": 0.6320333019293153,
    "arg1Prop": 0.2757559024951277,
    "arg2Prop": 0.1548399687743951,
    "commandsByIdx_Avg": [
      0.9936600184916128,
      0.8541804253070928,
      0.8800686831330076,
      0.4286282833642876,
      0.46649946255822283,
      0.3350125944584383,
      0.20336294416243655,
      0.1389247311827957,
      0.14165890027958994,
      0.07400194741966894
    ],
    "commandsByIdx_ElementwiseAvg": 0.5819842420916468,
    "commandsByIdx_Same": [
      7523.0,
      6467.0,
      6663.0,
      3231.0,
      2604.0,
      1862.0,
      641.0,
      323.0,
      152.0,
      228.0
    ],
    "commandsByIdx_Total": [
      7571.0,
      7571.0,
      7571.0,
      7538.0,
      5582.0,
      5558.0,
      3152.0,
      2325.0,
      1073.0,
      3081.0
    ],
    "arg1ByIdx_Avg": [
      0.2352397305507859,
      0.41989169198256504,
      0.31553911205074,
      0.41005571769700183,
      0.13651021139376568,
      0.1651673263763944,
      0.07709390862944163,
      0.0989247311827957,
      0.05032618825722274,
      0.0759493670886076
    ],
    "arg1ByIdx_ElementwiseAvg": 0.25245496775711007,
    "arg1ByIdx_Same": [
      1781.0,
      3179.0,
      2388.0,
      3091.0,
      762.0,
      918.0,
      243.0,
      230.0,
      54.0,
      234.0
    ],
    "arg1ByIdx_Total": [
      7571.0,
      7571.0,
      7568.0,
      7538.0,
      5582.0,
      5558.0,
      3152.0,
      2325.0,
      1073.0,
      3081.0
    ],
    "arg2ByIdx_Avg": [
      0.0,
      0.0,
      0.006389776357827476,
      0.19223826714801445,
      0.002577319587628866,
      0.11504192872117401,
      0.06038894575230297,
      0.05945945945945946,
      0.0,
      0.03393843725335438
    ],
    "arg2ByIdx_ElementwiseAvg": 0.11142814236371827,
    "arg2ByIdx_Same": [
      0.0,
      0.0,
      2.0,
      852.0,
      1.0,
      439.0,
      59.0,
      88.0,
      0.0,
      43.0
    ],
    "arg2ByIdx_Total": [
      48.0,
      527.0,
      313.0,
      4432.0,
      388.0,
      3816.0,
      977.0,
      1480.0,
      70.0,
      1267.0
    ],
    "perfectTriples_Avg": [
      0.2349755646546031,
      0.37115308413683795,
      0.29546955488046495,
      0.18492968957283099,
      0.12844858473665352,
      0.04210147535084563,
      0.061865482233502536,
      0.04172043010752688,
      0.045666356011183594,
      0.03570269393054203
    ],
    "perfectTriples_ElementwiseAvg": 0.18858531613813648,
    "perfectTriples_Same": [
      1779.0,
      2810.0,
      2237.0,
      1394.0,
      717.0,
      234.0,
      195.0,
      97.0,
      49.0,
      110.0
    ],
    "perfectTriples_Total": [
      7571.0,
      7571.0,
      7571.0,
      7538.0,
      5582.0,
      5558.0,
      3152.0,
      2325.0,
      1073.0,
      3081.0
    ],
    "perfectTriplesByCommand_Avg": [
      0.02531645569620253,
      0.6479217603911981,
      0.06491484184914842,
      0.20362451639177356,
      0.09090909090909091,
      0.028598665395614873,
      0.2727272727272727,
      0.2668165467625899,
      0.0,
      0.0
    ],
    "perfectTriplesByCommand_ElementwiseAvg": 0.18858531613813648,
    "perfectTriplesByCommand_Same": [
      26.0,
      530.0,
      667.0,
      5000.0,
      96.0,
      30.0,
      306.0,
      2967.0,
      0.0,
      0.0
    ],
    "perfectTriplesByCommand_Total": [
      1027.0,
      818.0,
      10275.0,
      24555.0,
      1056.0,
      1049.0,
      1122.0,
      11120.0,
      0.0,
      0.0
    ],
    "perfectAfterSecond_Avg": [
      0.08215559371285167
    ],
    "perfectAfterSecond_ElementwiseAvg": 0.08215559371285167,
    "perfectAfterSecond_Same": [
      622.0
    ],
    "perfectAfterSecond_Total": [
      7571.0
    ],