{
  "exact": {
    "commandsProp": 0.6628434964821842,
    "arg1Prop": 0.21302739754060943,
    "arg2Prop": 0.13385477299185106,
    "commandsByIdx_Avg": [
      0.9959054286091665,
      0.9054286091665567,
      0.9192973187161537,
      0.4235871583974529,
      0.5514152633464708,
      0.36649874055415615,
      0.29473350253807107,
      0.19311827956989247,
      0.21808014911463186,
      0.11327491074326518
    ],
    "commandsByIdx_ElementwiseAvg": 0.6198110618948689,
    "commandsByIdx_Same": [
      7540.0,
      6855.0,
      6960.0,
      3193.0,
      3078.0,
      2037.0,
      929.0,
      449.0,
      234.0,
      349.0
    ],
    "commandsByIdx_Total": [
      7571.0,
      7571.0,
      7571.0,
      7538.0,
      5582.0,
      5558.0,
      3152.0,
      2325.0,
      1073.0,
      3081.0
    ],
    "arg1ByIdx_Avg": [
      0.15823537181349887,
      0.3026020340774006,
      0.24735729386892177,
      0.3423985141947466,
      0.11895378000716589,
      0.16930550557754587,
      0.09803299492385786,
      0.12731182795698925,
      0.06896551724137931,
      0.11424862057773451
    ],
    "arg1ByIdx_ElementwiseAvg": 0.20733452243281913,
    "arg1ByIdx_Same": [
      1198.0,
      2291.0,
      1872.0,
      2581.0,
      664.0,
      941.0,
      309.0,
      296.0,
      74.0,
      352.0
    ],
    "arg1ByIdx_Total": [
      7571.0,
      7571.0,
      7568.0,
      7538.0,
      5582.0,
      5558.0,
      3152.0,
      2325.0,
      1073.0,
      3081.0
    ],
    "arg2ByIdx_Avg": [
      0.0,
      0.0,
      0.0,
      0.1562639322336157,
      0.0,
      0.0889124106906589,
      0.07454739084132056,
      0.08525641025641026,
      0.0,
      0.059006211180124224
    ],
    "arg2ByIdx_ElementwiseAvg": 0.09965167348175072,
    "arg2ByIdx_Same": [
      0.0,
      0.0,
      0.0,
      701.0,
      0.0,
      336.0,
      70.0,
      133.0,
      0.0,
      76.0
    ],
    "arg2ByIdx_Total": [
      43.0,
      388.0,
      374.0,
      4486.0,
      276.0,
      3779.0,
      939.0,
      1560.0,
      73.0,
      1288.0
    ],
    "perfectTriples_Avg": [
      0.15651829348831067,
      0.2928278959186369,
      0.24078721437062475,
      0.13876359777129213,
      0.11734145467574346,
      0.03382511694854264,
      0.08375634517766498,
      0.06322580645161291,
      0.06523765144454799,
      0.059720869847452125
    ],
    "perfectTriples_ElementwiseAvg": 0.15246364313433422,
    "perfectTriples_Same": [
      1185.0,
      2217.0,
      1823.0,
      1046.0,
      655.0,
      188.0,
      264.0,
      147.0,
      70.0,
      184.0
    ],
    "perfectTriples_Total": [
      7571.0,
      7571.0,
      7571.0,
      7538.0,
      5582.0,
      5558.0,
      3152.0,
      2325.0,
      1073.0,
      3081.0
    ],
    "perfectTriplesByCommand_Avg": [
      0.03018500486854917,
      0.2701711491442543,
      0.04613138686131387,
      0.1650173080838933,
      0.09375,
      0.025738798856053385,
      0.39215686274509803,
      0.2189748201438849,
      0.0,
      0.0
    ],
    "perfectTriplesByCommand_ElementwiseAvg": 0.15246364313433422,
    "perfectTriplesByCommand_Same": [
      31.0,
      221.0,
      474.0,
      4052.0,
      99.0,
      27.0,
      440.0,
      2435.0,
      0.0,
      0.0
    ],
    "perfectTriplesByCommand_Total": [
      1027.0,
      818.0,
      10275.0,
      24555.0,
      1056.0,
      1049.0,
      1122.0,
      11120.0,
      0.0,
      0.0
    ],
    "perfectAfterSecond_Avg": [
      0.03975696737551182
    ],
    "perfectAfterSecond_ElementwiseAvg": 0.03975696737551182,
    "perfectAfterSecond_Same": [
      301.0
    ],
    "perfectAfterSecond_Total": [
      7571.0
    ],
    "perfectTriplesByCommand_Dict": {
      "clean": 0.03018500486854917,
      "toggle": 0.2701711491442543,
      "put": 0.04613138686131387,
      "go to": 0.1650173080838933,
      "heat": 0.09375,
      "cool": 0.025738798856053385,
      "slice": 0.39215686274509803,
      "pick up": 0.2189748201438849,
      "unknown": 0.0
    },
    "perfectProp": 0.007528728041209879,
    "countTotal": 7571,
    "scoreMode": 9
  },
  "permissive": {
    "commandsProp": 0.6628434964821842,
    "arg1Prop": 0.281350714780141,
    "arg2Prop": 0.1540575281334886,
    "commandsByIdx_Avg": [
      0.9959054286091665,
      0.9054286091665567,
      0.9192973187161537,
      0.4235871583974529,
      0.5514152633464708,
      0.36649874055415615,
      0.29473350253807107,
      0.19311827956989247,
      0.21808014911463186,
      0.11327491074326518
    ],
    "commandsByIdx_ElementwiseAvg": 0.6198110618948689,
    "commandsByIdx_Same": [
      7540.0,
      6855.0,
      6960.0,
      3193.0,
      3078.0,
      2037.0,
      929.0,
      449.0,
      234.0,
      349.0
    ],
    "commandsByIdx_Total": [
      7571.0,
      7571.0,
      7571.0,
      7538.0,
      5582.0,
      5558.0,
      3152.0,
      2325.0,
      1073.0,
      3081.0
    ],
    "arg1ByIdx_Avg": [
      0.24303262448817858,
      0.4082683925505217,
      0.3033826638477801,
      0.426240382064208,
      0.14403439627373701,
      0.2101475350845628,
      0.10406091370558376,
      0.13720430107526882,
      0.0717614165890028,
      0.11846802986043492
    ],
    "arg1ByIdx_ElementwiseAvg": 0.2646269037025422,
    "arg1ByIdx_Same": [
      1840.0,
      3091.0,
      2296.0,
      3213.0,
      804.0,
      1168.0,
      328.0,
      319.0,
      77.0,
      365.0
    ],
    "arg1ByIdx_Total": [
      7571.0,
      7571.0,
      7568.0,
      7538.0,
      5582.0,
      5558.0,
      3152.0,
      2325.0,
      1073.0,
      3081.0
    ],
    "arg2ByIdx_Avg": [
      0.0,
      0.0,
      0.0,
      0.17275969683459652,
      0.0,
      0.11193437417306165,
      0.09052183173588925,
      0.09294871794871795,
      0.0,
      0.062111801242236024
    ],
    "arg2ByIdx_ElementwiseAvg": 0.11419051946085113,
    "arg2ByIdx_Same": [
      0.0,
      0.0,
      0.0,
      775.0,
      0.0,
      423.0,
      85.0,
      145.0,
      0.0,
      80.0
    ],
    "arg2ByIdx_Total": [
      43.0,
      388.0,
      374.0,
      4486.0,
      276.0,
      3779.0,
      939.0,
      1560.0,
      73.0,
      1288.0
    ],
    "perfectTriples_Avg": [
      0.24118346321489895,
      0.38158763703605864,
      0.2957337207766477,
      0.19540992305651367,
      0.14063059835184522,
      0.05127743792731198,
      0.08946700507614214,
      0.0675268817204301,
      0.06616961789375582,
      0.06264199935086011
    ],
    "perfectTriples_ElementwiseAvg": 0.19991376269060404,
    "perfectTriples_Same": [
      1826.0,
      2889.0,
      2239.0,
      1473.0,
      785.0,
      285.0,
      282.0,
      157.0,
      71.0,
      193.0
    ],
    "perfectTriples_Total": [
      7571.0,
      7571.0,
      7571.0,
      7538.0,
      5582.0,
      5558.0,
      3152.0,
      2325.0,
      1073.0,
      3081.0
    ],
    "perfectTriplesByCommand_Avg": [
      0.045764362220058426,
      0.6344743276283619,
      0.06442822384428223,
      0.21486458969659947,
      0.09375,
      0.025738798856053385,
      0.3939393939393939,
      0.28129496402877696,
      0.0,
      0.0
    ],
    "perfectTriplesByCommand_ElementwiseAvg": 0.19991376269060404,
    "perfectTriplesByCommand_Same": [
      47.0,
      519.0,
      662.0,
      5276.0,
      99.0,
      27.0,
      442.0,
      3128.0,
      0.0,
      0.0
    ],
    "perfectTriplesByCommand_Total": [
      1027.0,
      818.0,
      10275.0,
      24555.0,
      1056.0,
      1049.0,
      1122.0,
      11120.0,
      0.0,
      0.0
    ],
    "perfectAfterSecond_Avg": [
      0.08268392550521728
    ],
    "perfectAfterSecond_ElementwiseAvg": 0.08268392550521728,
    "perfectAfterSecond_Same": [
      626.0
    ],
    "perfectAfterSecond_Total": [
      7571.0
    ],
    "perfectTriplesByCommand_Dict": {
      "clean": 0.045764362220058426,
      "toggle": 0.6344743276283619,