{
  "exact": {
    "commandsProp": 0.5146445712852604,
    "arg1Prop": 0.14103757738569078,
    "arg2Prop": 0.06269875273731312,
    "commandsByIdx_Avg": [
      0.9865275392946771,
      0.5322942808083476,
      0.7670056795667679,
      0.34611302732820376,
      0.3102830526692942,
      0.16624685138539042,
      0.15133248730964466,
      0.10709677419354839,
      0.10717614165890028,
      0.050957481337228175
    ],
    "commandsByIdx_ElementwiseAvg": 0.46193798753478893,
    "commandsByIdx_Same": [
      7469.0,
      4030.0,
      5807.0,
      2609.0,
      1732.0,
      924.0,
      477.0,
      249.0,
      115.0,
      157.0
    ],
    "commandsByIdx_Total": [
      7571.0,
      7571.0,
      7571.0,
      7538.0,
      5582.0,
      5558.0,
      3152.0,
      2325.0,
      1073.0,
      3081.0
    ],
    "arg1ByIdx_Avg": [
      0.10210011887465328,
      0.26786421872936206,
      0.15854141894569956,
      0.2211461926240382,
      0.042278753135077035,
      0.05829435048578625,
      0.03267766497461929,
      0.04129032258064516,
      0.015843429636533086,
      0.019474196689386564
    ],
    "arg1ByIdx_ElementwiseAvg": 0.12747941983535868,
    "arg1ByIdx_Same": [
      773.0,
      2028.0,
      1200.0,
      1667.0,
      236.0,
      324.0,
      103.0,
      96.0,
      17.0,
      60.0
    ],
    "arg1ByIdx_Total": [
      7571.0,
      7571.0,
      7569.0,
      7538.0,
      5582.0,
      5558.0,
      3152.0,
      2325.0,
      1073.0,
      3081.0
    ],
    "arg2ByIdx_Avg": [
      0.0,
      0.0,
      0.0,
      0.09781956391278256,
      0.010189228529839884,
      0.02499313375446306,
      0.010956175298804782,
      0.027162258756254467,
      0.0,
      0.005439005439005439
    ],
    "arg2ByIdx_ElementwiseAvg": 0.04320365517704764,
    "arg2ByIdx_Same": [
      0.0,
      0.0,
      0.0,
      489.0,
      7.0,
      91.0,
      11.0,
      38.0,
      0.0,
      7.0
    ],
    "arg2ByIdx_Total": [
      262.0,
      1154.0,
      342.0,
      4999.0,
      687.0,
      3641.0,
      1004.0,
      1399.0,
      108.0,
      1287.0
    ],
    "perfectTriples_Avg": [
      0.09985470875709945,
      0.17738739928675207,
      0.13604543653414344,
      0.05346245688511542,
      0.035471157291293444,
      0.010795250089960417,
      0.023477157360406092,
      0.011182795698924731,
      0.009319664492078284,
      0.006815968841285297
    ],
    "perfectTriples_ElementwiseAvg": 0.07684920230488809,
    "perfectTriples_Same": [
      756.0,
      1343.0,
      1030.0,
      403.0,
      198.0,
      60.0,
      74.0,
      26.0,
      10.0,
      21.0
    ],
    "perfectTriples_Total": [
      7571.0,
      7571.0,
      7571.0,
      7538.0,
      5582.0,
      5558.0,
      3152.0,
      2325.0,
      1073.0,
      3081.0
    ],
    "perfectTriplesByCommand_Avg": [
      0.01557935735150925,
      0.11124694376528117,
      0.024720194647201946,
      0.08450417430258603,
      0.032196969696969696,
      0.01334604385128694,
      0.04634581105169341,
      0.12455035971223022,
      0.0,
      0.0
    ],
    "perfectTriplesByCommand_ElementwiseAvg": 0.07684920230488809,
    "perfectTriplesByCommand_Same": [
      16.0,
      91.0,
      254.0,
      2075.0,
      34.0,
      14.0,
      52.0,
      1385.0,
      0.0,
      0.0
    ],
    "perfectTriplesByCommand_Total": [
      1027.0,
      818.0,
      10275.0,
      24555.0,
      1056.0,
      1049.0,
      1122.0,
      11120.0,
      0.0,
      0.0
    ],
    "perfectAfterSecond_Avg": [
      0.021001188746532822
    ],
    "perfectAfterSecond_ElementwiseAvg": 0.021001188746532822,
    "perfectAfterSecond_Same": [
      159.0
    ],
    "perfectAfterSecond_Total": [
      7571.0
    ],
    "perfectTriplesByCommand_Dict": {
      "clean": 0.01557935735150925,
      "toggle": 0.11124694376528117,
      "put": 0.024720194647201946,
      "go to": 0.08450417430258603,
      "heat": 0.032196969696969696,
      "cool": 0.01334604385128694,
      "slice": 0.04634581105169341,
      "pick up": 0.12455035971223022,
      "unknown": 0.0
    },
    "perfectProp": 0.0031699907541936335,
    "countTotal": 7571,
    "scoreMode": 9
  },
  "permissive": {
    "commandsProp": 0.5146445712852604,
    "arg1Prop": 0.2169610773705562,
    "arg2Prop": 0.07167713986480048,
    "commandsByIdx_Avg": [
      0.9865275392946771,
      0.5322942808083476,
      0.7670056795667679,
      0.34611302732820376,
      0.3102830526692942,
      0.16624685138539042,
      0.15133248730964466,
      0.10709677419354839,
      0.10717614165890028,
      0.050957481337228175
    ],
    "commandsByIdx_ElementwiseAvg": 0.46193798753478893,
    "commandsByIdx_Same": [
      7469.0,
      4030.0,
      5807.0,
      2609.0,
      1732.0,
      924.0,
      477.0,
      249.0,
      115.0,
      157.0
    ],
    "commandsByIdx_Total": [
      7571.0,
      7571.0,
      7571.0,
      7538.0,
      5582.0,
      5558.0,
      3152.0,
      2325.0,
      1073.0,
      3081.0
    ],
    "arg1ByIdx_Avg": [
      0.1616695284638753,
      0.39453176594901596,
      0.2181265688994583,
      0.3483682674449456,
      0.058939448226442134,
      0.09625764663548039,
      0.03965736040609137,
      0.05548387096774193,
      0.022367194780987885,
      0.03213242453748783
    ],
    "arg1ByIdx_ElementwiseAvg": 0.19068992551940417,
    "arg1ByIdx_Same": [
      1224.0,
      2987.0,
      1651.0,
      2626.0,
      329.0,
      535.0,
      125.0,
      129.0,
      24.0,
      99.0
    ],
    "arg1ByIdx_Total": [
      7571.0,
      7571.0,
      7569.0,
      7538.0,
      5582.0,
      5558.0,
      3152.0,
      2325.0,
      1073.0,
      3081.0
    ],
    "arg2ByIdx_Avg": [
      0.0,
      0.0,
      0.0,
      0.11042208441688338,
      0.010189228529839884,
      0.03131007964844823,
      0.013944223107569721,
      0.03002144388849178,
      0.0,
      0.006216006216006216
    ],
    "arg2ByIdx_ElementwiseAvg": 0.04951958610495196,
    "arg2ByIdx_Same": [
      0.0,
      0.0,
      0.0,
      552.0,
      7.0,
      114.0,
      14.0,
      42.0,
      0.0,
      8.0
    ],
    "arg2ByIdx_Total": [
      262.0,
      1154.0,
      342.0,
      4999.0,
      687.0,
      3641.0,
      1004.0,
      1399.0,
      108.0,
      1287.0
    ],
    "perfectTriples_Avg": [
      0.1592920353982301,
      0.2349755646546031,
      0.18451987848368775,
      0.09671000265322367,
      0.04532425653887495,
      0.01691255847427132,
      0.027601522842639593,
      0.012043010752688172,
      0.011183597390493943,
      0.009412528399870172
    ],
    "perfectTriples_ElementwiseAvg": 0.11003096703382854,
    "perfectTriples_Same": [
      1206.0,
      1779.0,
      1397.0,
      729.0,
      253.0,
      94.0,
      87.0,
      28.0,
      12.0,
      29.0
    ],
    "perfectTriples_Total": [
      7571.0,
      7571.0,
      7571.0,
      7538.0,
      5582.0,
      5558.0,
      3152.0,
      2325.0,
      1073.0,
      3081.0
    ],
    "perfectTriplesByCommand_Avg": [
      0.022395326192794548,
      0.4119804400977995,
      0.033576642335766425,
      0.12123803705966198,
      0.03409090909090909,
      0.015252621544327931,
      0.049019607843137254,
      0.16411870503597123,
      0.0,
      0.0
    ],
    "perfectTriplesByCommand_ElementwiseAvg": 0.11003096703382854,
    "perfectTriplesByCommand_Same": [
      23.0,
      337.0,
      345.0,
      2977.0,
      36.0,
      16.0,
      55.0,
      1825.0,
      0.0,
      0.0
    ],
    "perfectTriplesByCommand_Total": [
      1027.0,
      818.0,
      10275.0,
      24555.0,
      1056.0,
      1049.0,
      1122.0,
      11120.0,
      0.0,
      0.0
    ],
    "perfectAfterSecond_Avg": [
      0.04794611015717871
    ],
    "perfectAfterSecond_ElementwiseAvg": 0.04794611015717871,
    "perfectAfterSecond_Same": [
      363.0
    ],
    "perfectAfterSecond_Total": [
      7571.0
    ],