{
  "exact": {
    "commandsProp": 0.6903570808836353,
    "arg1Prop": 0.23586889703750666,
    "arg2Prop": 0.1729417523250123,
    "commandsByIdx_Avg": [
      0.9978866728305376,
      0.9006736230352661,
      0.9181085721833311,
      0.44375165826479174,
      0.6126836259405231,
      0.4208348326736236,
      0.3518401015228426,
      0.2752688172043011,
      0.39049394221808015,
      0.1937682570593963
    ],
    "commandsByIdx_ElementwiseAvg": 0.6505821018384227,
    "commandsByIdx_Same": [
      7555.0,
      6819.0,
      6951.0,
      3345.0,
      3420.0,
      2339.0,
      1109.0,
      640.0,
      419.0,
      597.0
    ],
    "commandsByIdx_Total": [
      7571.0,
      7571.0,
      7571.0,
      7538.0,
      5582.0,
      5558.0,
      3152.0,
      2325.0,
      1073.0,
      3081.0
    ],
    "arg1ByIdx_Avg": [
      0.15546162990357945,
      0.3048474441949544,
      0.2895640686922061,
      0.34558238259485274,
      0.14206377642422072,
      0.1739834472831954,
      0.13610406091370558,
      0.1978494623655914,
      0.10251630941286113,
      0.24277831872768582
    ],
    "arg1ByIdx_ElementwiseAvg": 0.23106171968405168,
    "arg1ByIdx_Same": [
      1177.0,
      2308.0,
      2192.0,
      2605.0,
      793.0,
      967.0,
      429.0,
      460.0,
      110.0,
      748.0
    ],
    "arg1ByIdx_Total": [
      7571.0,
      7571.0,
      7570.0,
      7538.0,
      5582.0,
      5558.0,
      3152.0,
      2325.0,
      1073.0,
      3081.0
    ],
    "arg2ByIdx_Avg": [
      0.0,
      0.0,
      0.0,
      0.19376757263355202,
      0.003676470588235294,
      0.11503759398496241,
      0.06229860365198711,
      0.14367450731087095,
      0.0,
      0.07616146230007616
    ],
    "arg2ByIdx_ElementwiseAvg": 0.1290945611866502,
    "arg2ByIdx_Same": [
      0.0,
      0.0,
      0.0,
      827.0,
      1.0,
      459.0,
      58.0,
      226.0,
      0.0,
      100.0
    ],
    "arg2ByIdx_Total": [
      25.0,
      383.0,
      118.0,
      4268.0,
      272.0,
      3990.0,
      931.0,
      1573.0,
      71.0,
      1313.0
    ],
    "perfectTriples_Avg": [
      0.15493329811121384,
      0.2944128912957337,
      0.282657508915599,
      0.15906075882196868,
      0.14027230383375133,
      0.0483987045699892,
      0.12341370558375635,
      0.11827956989247312,
      0.097856477166822,
      0.10094125283998702
    ],
    "perfectTriples_ElementwiseAvg": 0.17390537415232646,
    "perfectTriples_Same": [
      1173.0,
      2229.0,
      2140.0,
      1199.0,
      783.0,
      269.0,
      389.0,
      275.0,
      105.0,
      311.0
    ],
    "perfectTriples_Total": [
      7571.0,
      7571.0,
      7571.0,
      7538.0,
      5582.0,
      5558.0,
      3152.0,
      2325.0,
      1073.0,
      3081.0
    ],
    "perfectTriplesByCommand_Avg": [
      0.0311587147030185,
      0.34474327628361856,
      0.05965936739659367,
      0.1920993687639992,
      0.1553030303030303,
      0.034318398474737846,
      0.3868092691622103,
      0.23336330935251798,
      0.0,
      0.0
    ],
    "perfectTriplesByCommand_ElementwiseAvg": 0.17390537415232646,
    "perfectTriplesByCommand_Same": [
      32.0,
      282.0,
      613.0,
      4717.0,
      164.0,
      36.0,
      434.0,
      2595.0,
      0.0,
      0.0
    ],
    "perfectTriplesByCommand_Total": [
      1027.0,
      818.0,
      10275.0,
      24555.0,
      1056.0,
      1049.0,
      1122.0,
      11120.0,
      0.0,
      0.0
    ],
    "perfectAfterSecond_Avg": [
      0.05388984282129177
    ],
    "perfectAfterSecond_ElementwiseAvg": 0.05388984282129177,
    "perfectAfterSecond_Same": [
      408.0
    ],
    "perfectAfterSecond_Total": [
      7571.0
    ],
    "perfectTriplesByCommand_Dict": {
      "clean": 0.0311587147030185,
      "toggle": 0.34474327628361856,
      "put": 0.05965936739659367,
      "go to": 0.1920993687639992,
      "heat": 0.1553030303030303,
      "cool": 0.034318398474737846,
      "slice": 0.3868092691622103,
      "pick up": 0.23336330935251798,
      "unknown": 0.0
    },
    "perfectProp": 0.010830801743494914,
    "countTotal": 7571,
    "scoreMode": 9
  },
  "permissive": {
    "commandsProp": 0.6903570808836353,
    "arg1Prop": 0.30177724568138625,
    "arg2Prop": 0.19288790993636812,
    "commandsByIdx_Avg": [
      0.9978866728305376,
      0.9006736230352661,
      0.9181085721833311,
      0.44375165826479174,
      0.6126836259405231,
      0.4208348326736236,
      0.3518401015228426,
      0.2752688172043011,
      0.39049394221808015,
      0.1937682570593963
    ],
    "commandsByIdx_ElementwiseAvg": 0.6505821018384227,
    "commandsByIdx_Same": [
      7555.0,
      6819.0,
      6951.0,
      3345.0,
      3420.0,
      2339.0,
      1109.0,
      640.0,
      419.0,
      597.0
    ],
    "commandsByIdx_Total": [
      7571.0,
      7571.0,
      7571.0,
      7538.0,
      5582.0,
      5558.0,
      3152.0,
      2325.0,
      1073.0,
      3081.0
    ],
    "arg1ByIdx_Avg": [
      0.2370888918240655,
      0.40073966450931187,
      0.34095112285336854,
      0.4209339347306978,
      0.18326764600501613,
      0.2108672184238935,
      0.14022842639593908,
      0.2103225806451613,
      0.1043802423112768,
      0.24732229795520935
    ],
    "arg1ByIdx_ElementwiseAvg": 0.28582348444758043,
    "arg1ByIdx_Same": [
      1795.0,
      3034.0,
      2581.0,
      3173.0,
      1023.0,
      1172.0,
      442.0,
      489.0,
      112.0,
      762.0
    ],
    "arg1ByIdx_Total": [
      7571.0,
      7571.0,
      7570.0,
      7538.0,
      5582.0,
      5558.0,
      3152.0,
      2325.0,
      1073.0,
      3081.0
    ],
    "arg2ByIdx_Avg": [
      0.0,
      0.0,
      0.0,
      0.2047797563261481,
      0.003676470588235294,
      0.13734335839598996,
      0.07626208378088077,
      0.14621741894469167,
      0.0,
      0.08606245239908607
    ],
    "arg2ByIdx_ElementwiseAvg": 0.14191903584672436,
    "arg2ByIdx_Same": [
      0.0,
      0.0,
      0.0,
      874.0,
      1.0,
      548.0,
      71.0,
      230.0,
      0.0,
      113.0
    ],
    "arg2ByIdx_Total": [
      25.0,
      383.0,
      118.0,
      4268.0,
      272.0,
      3990.0,
      931.0,
      1573.0,
      71.0,
      1313.0
    ],
    "perfectTriples_Avg": [
      0.2365605600316999,
      0.3707568352925637,
      0.33364152687887993,
      0.21146192624038207,
      0.1782515227517019,
      0.0654911838790932,
      0.1281725888324873,
      0.12387096774193548,
      0.09878844361602983,
      0.10808179162609542
    ],
    "perfectTriples_ElementwiseAvg": 0.2196699462976755,
    "perfectTriples_Same": [
      1791.0,
      2807.0,
      2526.0,
      1594.0,
      995.0,
      364.0,
      404.0,
      288.0,
      106.0,
      333.0
    ],
    "perfectTriples_Total": [
      7571.0,
      7571.0,
      7571.0,
      7538.0,
      5582.0,
      5558.0,
      3152.0,
      2325.0,
      1073.0,
      3081.0
    ],
    "perfectTriplesByCommand_Avg": [
      0.034079844206426485,
      0.6833740831295844,
      0.0786374695863747,
      0.2432498472816127,
      0.15625,
      0.034318398474737846,
      0.3868092691622103,
      0.28758992805755396,
      0.0,
      0.0
    ],
    "perfectTriplesByCommand_ElementwiseAvg": 0.2196699462976755,
    "perfectTriplesByCommand_Same": [
      35.0,
      559.0,
      808.0,
      5973.0,
      165.0,
      36.0,
      434.0,
      3198.0,
      0.0,
      0.0
    ],
    "perfectTriplesByCommand_Total": [
      1027.0,
      818.0,
      10275.0,
      24555.0,
      1056.0,
      1049.0,
      1122.0,
      11120.0,
      0.0,
      0.0
    ],
    "perfectAfterSecond_Avg": [
      0.09483555672962621
    ],
    "perfectAfterSecond_ElementwiseAvg": 0.09483555672962621,
    "perfectAfterSecond_Same": [
      718.0
    ],
    "perfectAfterSecond_Total": [
      7571.0
    ],
    "perfectTriplesByCommand_Dict": {
      "clean": 0.034079844206426485,